nuclear envelope,ER lumen,ER to Golgi transport,ER stress,ER_membrane,RNA pol2 transcription regulator complex,spliceosomal complex,mitotic spindle,mitotic cytokinesis,DNA replication,mitochondrion,mitochondrial inner membrane,mitochondrial outer membrane,mitochondrial matrix,golgi membrane,golgi organization,trans-golgi network,cis-golgi network,centrosome,cell polarity,actin filament binding,actin filament organization,actin cytoskeleton,cortical actin cytoskeleton,actin filament polymerization regulation,early endosome,late endosome
ROGDI,APOA4,SEC31A,QRICH1,EDEM1,CEBPG,DHX38,NIN,STMN1,POLB,MRPL16,MRPL16,SPART,GPT2,MYO18A,MYO18A,MYO18A,B3GAT3,CCDC57,ARL14,ABITRAM,TPM3,MYO18A,MYADM,RAC1,RUBCN,RUBCN
NPIPB3,ADAM17,SEC23B,PIK3R2,TMEM214,NR5A2,SF3A1,TUBB3,EXOC5,ORC2,GPT2,GPD2,TOMM5,SUCLG1,ADAM17,FBXW8,PHETA1,RAB30,CDK5RAP2,PAK1,MYO18A,BRK1,TPM3,SHROOM3,CCL21,APOA4,NTRK1
NUP93,COL14A1,SEC23A,USP19,SSR2,HNRNPAB,SF3B4,EML1,MITD1,DUT,GPD2,NDUFAF5,TSPO2,TTC5,GCNT2,ATP8B4,SLC66A2,AKAP9,CENPJ,PARD3,TPM3,KASH5,ADAM17,IQGAP1,TENM1,LAPTM4B,CD74
S100A6,SHISA5,LMF1,EIF2B5,SSR1,MYF6,IK,CDC6,PDCD6IP,ASCC3,TPM3,SLC25A37,DNM1L,CCAR2,ABCA6,RAB30,SYS1,TRIP11,CEP152,PTK2,LUZP1,SHROOM3,ABRA,CAPN2,NCK1,NTRK1,VPS8
SHISA5,WNT1,WHAMM,ERN2,VKORC1L1,NR1H4,SRRM1,MYF6,RAB35,CDC6,SUCLG1,GUF1,PDE2A,NAGS,ATP6AP1,TRIP11,PIK3C2A,BCL9,CEP295,PRKCZ,TTN,WHAMM,SHLD2,MTSS2,CRACD,PHETA1,MICALL1
PARP8,COL4A4,RANGRF,ATP2A2,SLC51A,NONO,SREK1,RPS3,CKAP2,CHAF1A,NTHL1,SLC25A45,VPS13A,BTD,POMGNT1,TMED6,ATXN2,RAB29,CEP57,CRKL,SHROOM3,RAC1,LUZP1,AKAP13,MLST8,VPS8,ABCA3
DNASE1,CES1,TRIP11,ATF6B,ORMDL3,NCOA1,PRPF31,PKP4,MAP9,CHAF1B,NDUFAF5,MICOS10,THG1L,GARS1,TVP23B,TRAPPC12,MS4A7,GOLGA6L7,CEP57L1,CRK,CORO2A,RHOH,ZYX,CDH1,NPHS1,VPS26B,VPS26B
RNF180,BPIFB2,TMED6,PDIA3,CYP4X1,CEBPE,ZRSR2,KAT2B,EXOC2,E4F1,PUSL1,HCCS,RAF1,FTMT,GOLGA7B,BAG5,ATP8B4,GOLGA8T,CEP63,SLC9A6,GAS2L1,POF1B,CALD1,ACTN1,CCL24,RAB20,RNF148
RANBP1,COL12A1,TRAPPC12,ATP2A1,SHISA5,STAT5B,ZRSR2P1,ZZZ3,EXOC3,RECQL5,TTC5,FPGS,BCL2L2,OGG1,RNF175,GAK,PCSK5,GOLGA8H,CEP85,MPP7,IQGAP1,RUFY3,TTN,SPTA1,ALOX15,TLR4,ANKRD13A
GPX4,SHH,SEC24D,TNFRSF10B,SEL1L2,ATF6B,SF1,CKAP2L,RTKN,DNAJC2,CLYBL,NDUFA4,VAT1,ACAT1,GALNT4,RAB29,GOLGA1,GOLGA2,CEP85L,BRSK1,POF1B,DBN1,SMTN,CAP1,BIN1,AP3B1,LGMN
SREBF1,FKBP14,RAB1C,NCK1,ATP6AP1,ASCL2,TXNL4A,TBCK,ARL3,DTD1,RBFA,SLC25A1,TOMM34,D2HGDH,CD74,GOLGA8T,GPER1,RAB3GAP1,PCNT,BRSK2,VPS16,FSCN2,SYNPO,PLEKHH2,HCK,GPER1,RNF128
UBE2I,PDGFD,YIF1B,UFL1,EEF1A2,NCOA2,HNRNPDL,CDK1,NUSAP1,CDK1,FAM185A,PDE2A,RSAD2,GUF1,LARGE2,GOLGA8H,VAMP2,GBF1,TUBG1,WWC1,FSCN2,CAPZA3,SCNN1D,MLPH,ARPC2,SORT1,RAB27B
SUN1,HRC,GOLGA2,MAP3K5,TMEM151A,PBX1,SF3A3,CKAP2,EXOC6,NFIA,NAGS,PTPMT1,PGR,PPM1K,GALNT15,RAB2B,RAC1,GOLGA5,CEP120,FAM89B,CAPZA3,NCK1,LSP1,PJVK,BAIAP2,RABEP1,ABCA5
NUP133,ADAMTSL1,YIPF4,FICD,RNF175,POU2AF1,RBMY1F,TUBB,CIT,LIG1,OPRK1,NDUFA1,RTN4IP1,METTL4,GALNT16,RAB1C,RAB30,IFT20,CEP192,JAM3,MYO1D,ARHGEF2,ACTG2,GYS2,PYCARD,TBCK,APOA5
KASH5,COLGALT2,TMED9,HERPUD1,P2RX6,HIF1A,HNRNPA3,AURKA,PLK1,REV3L,CEND1,ALAS1,MYOC,NDUFAF8,TMEM130,PI4K2A,TGFBI,GOLGA6D,CEP350,KCNJ8,MYH7,RHOBTB1,ACTG1,GMFG,CDC42EP4,APOA5,RNF133
PARP16,GPX8,CNIH4,PPP1R15B,CD74,HIPK2,U2AF1L4,MAP9,BIRC5,MCMBP,ZBTB6,MCUB,NEU4,FPGS,SYS1,GOLGA2,SNAP25,GOLGA8DP,HYLS1,WNT7A,MYH1,MYO1D,USH1G,ACTN3,KIRREL1,SH3GL3,SMO
NUP88,SCG3,STX17,TTC23L,SDR16C5,ASCL4,SNRPN,CDC7,ROCK1,CINP,NTRK1,RPS3,SPIRE1,NAMPT,SREBF1,TMED9,RAB29,A0A1B0GVY7,NEDD1,ALPK2,MYL4,ARHGAP36,RFLNB,LLGL1,FCHSD2,SH3GL2,TSG101
GPER1,CCN1,GBF1,ERP44,ALG11,HYAL2,GPKOW,DR1,UNC119,KIN,PRKCD,AURKAIP1,SLC44A1,PYROXD2,LST1,ARHGAP21,DOP1A,GORASP1,WDR90,SDCCAG8,ACTN1,ACTN1,STK17B,HIP1,NCKAP1,ACKR2,VPS16
GLE1,APOA5,SEC22C,CREBRF,CYP4F2,TCF15,RBM42,GOLGA2,BBS4,POLD3,OVCA2,MRPL22,COX14,DLST,ABO,KIFC3,STX4,GOLGA8A,PLK1,PHLDB2,MPRIP,SPTA1,CENPQ,SHROOM1,RICTOR,TSG101,VPS4A
NUP210,COL13A1,TRAPPC3L,TMTC3,TSPO2,MAFK,WAC,TRAT1,SEPTIN6,PCLAF,GARS1,COX4I1,ACSL6,PDE2A,GLCE,PI4K2B,SLC24A5,SCFD1,C2CD3,TCIRG1,SPTA1,MYO7B,IQGAP1,DLC1,CCL26,VPS16,CTNS
PAFAH1B1,RNASET2,TRAPPC5,BBS10,CYP2C19,DR1,SNRPC,KATNAL1,MYH10,SSRP1,SLC25A37,UQCC6,IFI27,ACO2,LITAF,STX17,PI4K2A,LIMK2,CENPJ,ARHGEF11,LIMD2,BCAR1,MYLK,EEF1A1,BAIAP2L2,RAB29,ANKRD13D
VRK2,PDIA3,ANK1,NIBAN1,CYP2C18,MXD3,SF3B5,KIFC1,ANLN,DHX9,TOMM5,TIMM17A,CPT1A,MIPEP,SHH,GBF1,CDH1,GOLGA6A,CEP44,SCRIB,MYO7B,AQP5-AS1,PALLD,PPP1R9B,CARMIL1,HGS,DENND10
OIT3,NUCB1,TFG,CREB3L3,DHDDS,RXRA,SCNM1,HAUS3,INCENP,GINS3,FTMT,COX7B2,SYNJ2BP,TXN2,CYTH1,ATP8B3,SYT11,TRAPPC6B,CETN2,EPHB1,CDK5R1,ELMO1,KLHL17,SPTBN2,BAIAP2L1,SLC5A1,OSBPL1A
LMO7,SLC27A2,CTAGE15,MARCKS,TMTC2,TCF12,EFTUD2,CCDC117,ECT2,GINS4,OGG1,HSD3B2,SLC8A3,GLS,SEC23A,GOLGA5,SYT17,BET1,CETN3,DIAPH3,CAPG,RHOBTB2,LAD1,LLGL2,EVL,VPS4A,UVRAG
XPO1,COL17A1,USO1,DNAJC10,TRIQK,BACH2,CDC40,NUSAP1,EFHC1,SLX4,GTPBP8,RSAD2,PPP1CC,HSD17B10,RER1,NPLOC4,RELCH,KDELR1,HAUS6,PRICKLE1,NEXN,PACSIN1,DBN1,SPTBN5,BAG4,NRP1,SDF4
CLGN,MARCOL,CTAGE8,ALOX15,ILVBL,RFXANK,SYNCRIP,CAPG,EXOC7,POLE2,PNKD,ATPAF1,UFL1,ALAS1,FUT11,USP6NL,PHAF1,PIK3R1,NEDD1,RHOV,CACNB2,CAP1,ACTBL2,FLOT1,PRKCE,TGFBRAP1,SLC30A2
IFI27,IGFBP3,CTAGE4,CFTR,RNF180,E2F5,WDR83,ATAT1,TRIM36,AGER,ACAT1,SLC35A4,BAD,CDKN2A,ARFGAP1,COG7,INPP5K,MAN2A1,POC1B,PKD1,TNNI3,CRYAA,PPP1R12A,LANCL2,VASP,MYO1D,BACE1
PRKCZ,APOL1,RABGGTA,PRKN,TMEM86A,RFXAP,BUD13,CCSAP,EXOC1,CHTF8,DUT,MYOC,MISFA,ADPRS,PDGFD,USO1,YIPF4,MAP6,POC5,KIF26B,ERMN,ERMN,CASK,HIP1R,DLG1,APOC3,SIGLEC1
EMD,FSTL1,COPE,TMEM259,UBE2J2,SFPQ,ZCRB1,TBL1XR1,CDCA8,RBBP4,D2HGDH,NEU4,HMOX1,RPS3,LYSET,PRKD1,OCRL,COG3,RTTN,RHOQ,MYO18B,MYO1F,FSCN2,RAPGEF3,CDC42EP2,APOC2,NMNAT2
RAB40B,FLT3,KLHL12,JAGN1,ABHD12,GATA4,API5,CD180,RAB11FIP3,TREX1,VPS13D,UQCC3,FUNDC2,AURKAIP1,ARFGAP2,GOLGA6D,GCC2,SLC35C2,TUBG1,CORO7,MYO1F,MYO1C,PDLIM4,MYRIP,PFN1,APOA2,WDR48
WDFY3,QSOX1,TMED2,TMEM258,SLC17A3,JDP2,DQX1,SIRT2,ROCK2,MCM7,GUF1,MAIP1,SLC44A2,OXSM,CSGALNACT2,GOLGA8DP,POSTN,ANGEL1,WDR90,GSK3B,MYO1C,CNN2,MYLK3,WDR1,CDC42EP3,APOE,TMEM192
NDC1,TMEM43,SEC24C,TMBIM6,PLOD2,E2F3,CDC5L,RANGAP1,EXOC6B,MCM5,TCAIM,MT-ND3,MFN1,ABAT,GRM6,UBXN2B,CIMAP3,TRAPPC6A,AKAP9,RHOJ,MICAL1,TPM1,ADCY8,MYO1A,CSF3,APOA1,DERL1
NUP188,CHRDL1,YKT6,BBC3,SREBF1,BATF2,U2AF2,CDC14B,KIF4A,MCM4,SLC25A45,MT-ND2,SLC25A47,GLDC,B3GAT3,GORASP1,PI4K2B,MAP6D1,CCDC102B,CFL1,MICALL2,MARCKS,MTSS2,CDH2,PFN2,CCDC158,SRC
LMNA,APOA2,GOLT1A,KCNJ8,DNM1L,NR5A1,SNRNP25,TUBB6,KIF20A,FEN1,PPM1K,MT-ND1,WASF1,ME2,PCSK5,TMED2,GBF1,GOLGA8S,CEP68,WEE1,CNN2,PLEC,NHERF1,ACTN4,C15orf62,OCRL,SPPL2A
RNF43,LGALS1,SCFD1,RASGRF1,POR,NEUROD1,DDX23,SKA3,SPAST,GRWD1,METTL4,COX14,FUNDC1,AADAT,MPHOSPH9,GOLGA8A,WLS,GOLGA8G,CROCC,CDC42,TPM1,TMSB15B,AKAP13,SPTBN1,LMOD1,KIFC1,MVB12B
NUP85,APOE,COPA,PDIA2,SEC31A,MAFG,SUGP1,ODAM,USP8,LIG3,MICOS10,MRPL51,CPT1B,ACADS,WHAMM,SURF4,FAM91A1,GOLGA8F,LRRC45,PARD3B,MARCKS,TMSB15A,MYO1D,SPTBN4,NCKAP1L,RUSC1,FYCO1
NUP58,APOA1,COPB1,HSP90B1,USP19,MAX,ZNF830,DLGAP5,CEP55,SIN3A,STPG1,SPNS1,SLC29A3,MTERF1,HAS2,GOLGA6A,STX10,GOSR1,CCDC120,MARK2,DMTN,ARHGAP12,NDC1,MED28,PTK2B,SLC35D3,MAPKAP1
BICD2,CNPY3,RABGGTB,OS9,TMEM174,SMAD4,SRRM2,TPPP,SPTBN1,DNA2,MAPK10,UQCR11,SARM1,IVD,GOLGA1,ATL3,ATP8B3,TMED5,CCDC68,CRB2,PLEC,DSG3,RINL,CORO1A,CTTN,EEA1,SMIM22
UBXN4,CSF1,SURF4,SELENON,EIF5A,TRIM28,DHX16,DZIP1L,RASA1,NFIB,MAPK12,UQCRQ,ARMC12,SUPV3L1,GPER1,TMED1,BACE1,LRPAP1,CEP170,RAB11FIP2,ANTXR1,CORO1B,ARHGAP36,CFL1,CDC42EP1,MLC1,STX7
SUN5,COL4A3,A0A2R8YE69,DNAJC3,PLN,CBX3,NCL,PHLPP2,AURKB,CHTF18,HCCS,TIMM23,SOX10,OGDH,RAB30,RAB2A,CLVS1,GOLGA8G,CEP250,CLASP1,MYH6,SAMD14,CDH1,PPP1R9A,GRB2,SNX17,SLC31A2
OSBPL6,ITIH2,TRAPPC6B,TRIB3,SHH,NR1H3,SNRPA,NUDCD2,RACGAP1,RTEL1,NDUFAF8,GATM,QTRT1,CDK1,XYLT1,RAB8A,SLC35B2,TMED10,CEP76,UST,TMEM201,HIP1,ACTN1,SHROOM4,MTOR,C1orf210,CHID1
SUN3,BGLAP,CTAGE6,UBA5,SEC23B,HNRNPU,AQR,LIMK2,KIF23,DONSON,FPGS,COX10,AIFM2,ACOT11,ABCA5,TMED4,NMNAT2,GOLGA6L2,NEK2,CCDC85C,SYNE3,MYO1H,MPRIP,GMFB,SNX9,AP3S1,VPS13C
HAX1,TMEM132A,RINT1,TARDBP,SEC23A,CEBPA,SF3B3,PKD2,CFL1,ATR,TMEM256,ROMO1,ACSL4,RTN4IP1,SH3GL2,VPS13B,FURIN,KDELR3,NIN,PRKCI,CORO1B,ALDOA,SPTA1,DSTN,LMOD2,TM9SF4,INSR
NRM,FOXRED2,CUL3,UMOD,SPTLC1,CEBPD,RHEB,SPAG5,CHMP4B,FAM111A,RIPK1,DUSP21,GDAP1,ACSM2A,VAC14,HUWE1,CHAC1,LOC124907502,NDEL1,FEZ1,FERMT1,PLA2G1B,LIMD2,RDX,ARF6,TBC1D16,CLTCL1
RANGAP1,GBF1,TMED1,PIK3R1,FUT11,CEBPB,DDX39B,CDC16,ANK3,ORC1,SLC35F6,SDHC,HAX1,ACSM1,ATF6B,ARHGEF7,CLTB,AZIN2,SASS6,RHOU,ACTN3,TMOD3,NUP85,NF2,CCR7,SAMD9L,RAB14
EBP,AMELX,RAB2A,TMX1,TMEM30B,XBP1,HNRNPA1,TUBB4A,LZTS2,POLA1,PYROXD2,ATP5PF,RHOT1,MAIP1,GIMAP1,SPTBN5,TPST2,YIPF6,STIL,STK11,SAMD14,TMSB15C,CRK,COTL1,NCK2,WLS,CXCR4
NEMP1,WNT7B,BET1,CDK5RAP3,EMC1,ASCL5,CTNNBL1,CUL3,APC,WRNIP1,NDUFA4,NDUFV3,RHOT2,AKR1B15,TRIP11,NSFL1C,PRKD1,BLZF1,C2CD3,,HIP1,ACTC1,OPHN1,MISP,FER,AP1M1,CLN3
TREX1,WNT3,CTAGE1,CEBPB,ANKRD13C,DBP,SNRNP27,HDAC3,SON,TWNK,GPX4,LETM2,MSTO1,LYRM7,HLA-DRB1,GOLPH3,SORL1,SCYL1,CCP110,,FLNA,INPPL1,MYO7B,SPTB,CDC42EP5,UVRAG,RAB27A
TMEM201,COL1A2,STX5,XBP1,SLC36A2,PPARD,PPIL2,MAD2L1,RHOC,RPA4,DLST,ATP5MF,PLEC,ATXN3,EBAG9,GOLPH3L,PLPP3,UBXN2A,CEP290,,MYH7B,XIRP1,ARHGAP21,SLC2A1,CCL11,SNX3,RAB7A
SYNE3,ACE2,TMED4,PPP1R15A,ERN2,WWOX,CASC3,HEPACAM2,MYH14,RECQL,CIAPIN1,MTG1,UBC,ETFA,ZDHHC19,VCPIP1,WIPI1,GOLGA8IP,CEP97,,SHROOM1,PPP1R9B,SEPTIN2,FLOT2,FCHSD1,ANK2,SLC31A1
AKAP6,COL25A1,STEEP1,THBS1,SERP2,MYB,TRA2A,HNRNPU,JTB,STRA8,SLC25A1,SLC25A34,UBB,COX10,GAD2,SEC16B,CA4,KDELR2,OFD1,,ESPNL,ELMO2,BCAR1,ACTN2,JAK2,SLC9A9,SQSTM1
MCM3AP,COL24A1,SAR1A,HSPA5,TMCO5A,E2F8,MAGOH,TBL1X,ZFYVE26,POLE3,DNM1L,TIMM21,MGARP,GRSF1,APH1B,COG3,KIAA0319L,GORASP2,PIBF1,,ARHGAP27,BIN3,TRMT10A,MYZAP,WASF1,BACE1,RAB9A
CLIC1,COL4A1,SEC16B,EIF2AK3,TAAR1,NFE2L3,SNW1,TMEM9,EXOC4,NT5M,PDE2A,ATP5ME,DMPK,DUSP21,LALBA,COG8,GOLT1A,YIPF7,KIAA0753,,TNNC1,MYO5C,ACTL9,LASP1,MICALL2,SIAH1,VPS35
NUCB2,COL3A1,COG3,ERP27,FITM2,PPARG,PRP4K,AAAS,KIF4B,CHEK1,ACO2,ATP5F1E,VAMP1,PDHX,RAB29,RAB6B,CNST,RETREG1,CEP164,,BIN1,TPM2,WASF1,CLDN5,PREX1,SIGLEC1,MAGI2
IST1,COL2A1,SEC22A,HYOU1,KRTCAP2,STAT3,YJU2,RMDN2,RAB11A,POLI,MIPEP,MRPL2,PRKN,GCDH,DOP1A,COG5,CHID1,COPZ2,CEP83,,MYO1H,DIAPH3,TOPBP1,GSN,MSRB1,RIN3,MFSD12
MTA1,COL1A1,TRAPPC6A,NRBF2,VPS13A,MAFB,TXNL4B,ECT2,ESPL1,RMI1,AFG1L,TIMM17B,RPS6KB1,FASTKD1,MGAT5,ATP8B2,PREPL,GOLGA8N,CEP89,,ESPN,CORO1C,POTEKP,TRPV4,CATIP,TICAM1,RAB31
GOLT1A,ERP44,MIA2,CREB3L1,LMF1,E2F7,AKAP17A,KAT14,STAMBP,TBRG1,NUDT8,TMEM65,MAPKAP1,PDHA2,MGAT3,COG4,FER1L6,GOLGA6B,FBF1,,MYO9A,MYO5B,ACTRT3,SHROOM2,DIAPH3,HAVCR2,DENND10P1
POLR2M,MXRA8,TRAPPC10,CERT1,GRM6,HMGA1,RBM22,TUBB1,RHOB,TICRR,PTCD2,MRPL30,TOMM70,IBA57,TMEM115,NAGLU,CLTCL1,GOLGA6C,LRRC45,,ABLIM2,MYO6,CAPG,SPTAN1,WASF3,LTF,MTM1
AHCTF1,BACE1,TRAPPC11,FIS1,GPR37,JUNB,RBM28,NGRN,CUL7,DTL,TXN2,SLC25A47,PHB2,ALKBH7,HYAL2,TRAPPC11,RAB14,GOLGA8O,NEK2,,IQGAP2,ZBED3,NEXN,,WASL,TFRC,TCIRG1
PTGER3,CYP2W1,COPG1,UFC1,HMGCR,HOXB9,DNAJC17,WNK1,SNX9,RMI2,NAPG,MRPS27,CISD2,MTG1,MAP4K2,DYM,GBA1,A0AAG2TWJ7,ODF2,,PANX1,TLE6,DHX9,,COBL,VAMP8,GRIN2B
ITSN1,EDEM3,IER3IP1,RNF183,NBAS,RARA,SNRPB,TPX2,ARF6,RFC3,RACK1,SLC25A40,PINK1,RNASEH1,CHPT1,BHLHA15,TAS2R16,GOLGA8J,SCLT1,,MAP1S,RHOV,VCL,,CD2AP,DERL1,MCOLN1
INSR,RDH5,TRAPPC1,SEL1L,GRIN2D,HAND1,RNF113A,SLC34A1,ZNF365,RFC5,GLS,MRPL37,BBC3,NUDT9,RAB2B,GOLGA8S,GGA3,GOLGA8R,CCDC120,,FLII,RAC3,DMD,,TTC17,TOM1,DERL2
TMEM170A,EDEM2,RNF115,DNAJB9,PARP16,CREB3,C9orf78,YEATS2,CENPA,SAMHD1,PCF11,ATAD3B,RAB11FIP5,TRMT61B,QSOX1,ARFGEF1,SLC9A7,A0AAG2TUQ4,CCDC68,,FMNL2,EMP2,HAX1,,CORO7,CYTIP,TF
GHDC,AHSG,HYOU1,NOD1,TMEM213,E2F1,SF3B2,EFHC1,EXOC8,REV1,SMAD5,MRPS26,HINT2,ATP5F1E,FUT6,CLASP2,CLN3,GOLGA8K,CEP128,,ADSS1,ARAP1,MYO1F,,ABL1,WDFY4,WASH2P
SPDYA,FUCA2,TBC1D20,UBE4B,EDA,ARNT,CWC25,EML3,SNX33,ORC6,HSD17B10,MRPL1,ACACB,ACSM2B,ABCA7,SYNE1,RAB10,FKTN,CEP170,,MYO9B,RND1,MYO1C,,FHDC1,AKT2,TMEM9
SYNE4,DNAJC10,SEC24B,P4HB,HAS2,HLF,SNRPGP15,MBIP,RHOA,LRWD1,PLPBP,MRPL4,NME4,KARS1,DSEL,TBC1D20,RAB13,GOLGB1,CNTRL,,VILL,FHOD3,PDLIM1,,ARPC4,AGER,DYSF
DST,ARSF,SEC24A,ABL1,DIO2,BATF,HNRNPU,TAF1D,TTC19,HELB,PLN,MRPL9,VPS13C,LARS2,HS3ST5,TRAPPC8,TRAPPC6B,A0AAG2TTZ7,KIFC3,,XIRP1,WASL,MICAL1,,FAM107A,DTX3L,CHMP2B
RBM15,COL7A1,TRAPPC8,BBS1,PIGO,LEF1,KHDC4,CDC14A,SNX18,SUPT16H,VWA8,MRPL13,DCAKD,MCAT,CHST9,DYNC2H1,RBFOX1,GOLGA8CP,NDEL1,,ARPC3,MYO1G,ACTRT2,,WASHC5,LMTK2,ANKRD27
FXR1,SCG2,VAPB,GSK3B,STT3A,E2F6,LGALS3,GPX2,,DBF4,PTPMT1,MRPL20,ARMC10,HSD17B8,CHP1,ATL2,PLEKHJ1,GOLIM4,NIN,,ARPC2,MYO7A,GRHL3,,ANG,SORL1,MAP1LC3A
ATR,VWA1,GOSR1,ERN1,GPER1,MAF,RNPC3,MAD1L1,,POLK,ADCK5,MRPL32,PLD6,MMAA,PKMYT1,ZNF501,SLC2A4,GOLGA8B,ODF2,,ARPC1B,TMOD2,CNN2,,RHOD,CFTR,RAB9B
PLAAT3,IGFBP4,TMED3,SGF29,SORT1,E2F4,DHX35,TACC3,,POLH,NDUFA1,SLC25A33,KMO,LDHAL6B,PI4K2A,TMED3,RAB32,GOLGA8Q,CNTROB,,PPP1R9B,TMOD4,TPM1,,DIAPH1,MVB12B,VPS39
ZFTRAF1,PROZ,GOLT1B,AFF4,FMO2,NFE2L2,SMNDC1,CLASP2,,RPA1,PUS10,MTNAP1,CISD1,BCO2,YIF1B,TMED7,RAB31,HOOK3,PLK4,,SPTBN2,HIP1R,MARCKS,,AIF1,FKBP15,KIDINS220
FANCL,VKORC1,TMED7,CXCL8,NUP210,NFIL3,BCAS2,LSM14A,,ORC3,ALAS1,TIMM29,RMDN3,MRPL32,GOLGA2,OPTN,GOLGA4,GOLGA8M,WRAP73,,MYH10,MYO5A,DMTN,,WASHC3,VCAM1,RILP
RAE1,IL12B,TRAPPC4,NFE2L2,RAC1,NFE2,HNRNPC,TADA2A,,MCM2,FANCG,NDUFV2,PLA2G2A,OXCT2,GOLGA3,COG6,SCAMP1,,CCDC14,,MYH9,TRPV3,ACTRT1,,MSRB2,MAPKAP1,DDIT3
PARP6,COL4A5,PEF1,UBQLN1,HSD3B2,ADNP,PRKRIP1,KIF20A,,PCNA,OGT,UQCC2,MTX1,PDSS1,FUT1,CORO7,SMPD4,,CCDC66,,PICK1,BCL2,MYOZ3,,ARHGAP6,FGD5,SLA2
IPO8,COL27A1,ERGIC3,GORASP2,SLC37A2,ASCL3,ISY1,SKA1,,ORC4,TRAF3,MRPL45,COASY,UQCC2,MANEA,GOLGA8G,CHST6,,CEP131,,SPTBN5,ELMO3,POTEJ,,INF2,TRAK2,PSAP
DHRS2,MEN1,SPAST,SEC16A,RHBDD1,MYF5,XAB2,NCOR1,,ORC5,METTL13,SLC30A2,ARMC1,BCKDHA,NDFIP1,TMED10,CHST5,,CEP290,,MYO5C,RHOG,POTEI,,WAS,STX7,STX8
CETN3,PPIB,TMED5,ANKS4B,CYP4F12,NFYA,SNRNP200,NUDC,,PRIM2,CDKN2A,HSP90B2P,DNAJC11,ETNPPL,B4GALT2,FAM174B,MME,,CEP72,,TPM2,PALM2AKAP2,ARHGAP33,,DIAPH2,APOB,MAP2K2
PGRMC2,APOB,VTI1A,TRAF2,CDK1,ASCL1,ZMAT2,RTRAF,,ZPR1,TSFM,TMEM126B,EXD2,PHYKPL,TMED9,HTT,ATP8A2,,KIAA0753,,CLMN,TPM4,KALRN,,VIL1,MMGT1,AP5S1
TMEM209,GIP,SAR1B,RASGRF2,TAB1,MXI1,HNRNPA1L2,AGBL5,,DDX11,MCUB,GADD45GIP1,NLRX1,NUBPL,ARHGAP21,TANGO2,GOLPH3,,MIB1,,CORO1C,SH3BP1,FKBP15,,GSN,RAB11FIP5,VIPAS39
LMNB2,WNT7A,COPG2,PDIA4,NSDHL,GTF2F2,PPIE,KMT5B,,POLG2,ADPRS,MRPL41,RAB32,GADD45GIP1,ST6GALNAC5,VPS51,GOLPH3L,,OFD1,,MYO5B,FHOD1,ACTN3,,PRKCD,ST8SIA2,ZC3HAV1
TOR4A,CES2,NRBP1,EEF2,JPH3,MAFF,DDX5,FLCN,,RBBP7,RPS3,SLC8B1,GPAT2,HAX1,TMEM132A,ZFP69B,PLEKHA8,,PCM1,,MYO6,SH3KBP1,SAMD14,,ARAP2,WASHC4,BST2
SMPD4,BCHE,P4HB,ERO1A,RSAD2,BACH1,RBM3,TUBB8,,CDT1,AURKAIP1,SLC25A48,CYP27B1,NUDT1,PI4K2B,ARL1,MS4A6A,,SPAG5,,CORO2B,KPTN,FLNA,,ARHGAP18,VAMP3,ASTN2
POLA1,TOR2A,VAMP7,TMEM33,VRK2,BATF3,SNRNP40,TUBB8B,,POLG,OXSM,RAB5IF,NME3,TK2,ARL3,TJAP1,AP4E1,,NLP,,MACF1,AVIL,IFIT5,,PAK1,AP3M2,ATP9A
CBX3,CTSC,MPPE1,DDRGK1,UGT2B7,RARG,RBM8A,HNF4G,,ASCC2,MRPL22,SLC25A23,MFF,PARK7,FIG4,HOOK1,C17orf75,,CEP135,,PHPT1,RHOQ,AFAP1,,ARAP3,AP3B2,MAPK3
AAAS,PROC,TRAPPC13,SCAMP5,SLN,THRA,PPWD1,TPR,,KAT7,ABAT,MRPS14,MARCHF5,ETFBKMT,RGP1,SEC23IP,BIRC6,,NEDD1,,PKNOX2,CD2AP,FMN2,,DIXDC1,ANXA1,SNX14
SPAG4,VGF,TMED10,THBS4,ATP2A2,ANXA2,ZMAT5,IFT43,,PTMS,GLDC,TMEM70,TOMM7,DARS2,GBF1,BLZF1,DNAAF6,,FAM161A,,MYH8,CFL2,DAPK1,,SLC4A2,RAB14,VOPP1
DES,DMP1,ERGIC2,EIF2AK4,AGPAT1,CTNNB1,MAGOHB,EML2,,CDC45,DUS2,SRC,DELE1,MECR,TMC8,VMP1,STX8,,KIZ,,FHOD3,HDAC6,AUTS2,,DVL3,GGA3,M6PR
TYRO3,UGGT1,PDCD6,ATF6,RNF5,CREBZF,SLU7,KATNBL1,,POLQ,VPS13A,MGARP,TRIM14,ISCA1,WLS,RAB43,TRAPPC6A,,SFI1,,ARPC1A,CORO7,TAF5,,RHOBTB1,CXCR4,MYO5A
NUP155,UGGT2,TRAPPC2B,ATF4,ATF6B,DEAF1,ESS2,TADA3,,GINS2,ME2,ATP5F1C,STARD7,PDK3,B3GNT5,UBXN2A,TBC1D23,,CEP76,,MYH3,MYO1A,BIN1,,CRK,CLN3,RAPGEF2
NAPEPLD,MATN3,TRAPPC2,ATF3,NEU4,THRB,PPIL1,DPYSL2,,POLL,THG1L,MRPS31,ASS1,PDK2,FUT8,GOLGA8IP,ATP8B2,,,,MYO1G,CNN3,MYO1H,,CDK5R1,RAB5B,PIK3C3
AGPAT3,ERAP1,BCAP29,PDIA6,FKBP2,RARB,SF3B6,ANAPC7,,BLM,BCLAF3,NDUFAB1,QTRT2,PDK1,WSCD1,GORASP2,ATP2C1,,,,MYO7A,TMSB10,ALDOA,,ARHGEF19,RAB5C,TMEM230
PARP11,SDC2,LMAN2L,DDIT3,GIMAP1,ATF7,RBMXL1,KATNA1,,ASCC1,HRC,COX7A2L,EPHA4,ADHFE1,AP1M1,SEC16A,SLC39A9,,,,ACTR2,XIRP2,DST,,RHOBTB2,SNX1,VPS33A
RTN4,P4HA2,MIA3,PTPN1,TRAM1,JUND,RBMX2,MAK,,TOP1MT,RAF1,SDHD,ACSL5,ATP5F1C,B4GALT4,YIPF7,ARAP1,,,,ACTR3,KHDC3L,ABLIM2,,GRHL3,TLR3,CHMP3
ZMPSTE24,ADAMTS13,SEC23IP,STC2,ZNRF4,LDB1,LSM2,SGF29,,RNASEH2A,COX4I1,BDH1,SFXN2,PNPT1,TNFRSF1A,YIPF5,EIPR1,,,,HIP1R,MYO1B,IQGAP2,,BARGIN,VPS35,CD2AP
CALR3,WNT3A,YIPF6,WFS1,HLA-DRB1,CREB1,AAR2,IKBKG,,RFC4,PLEKHN1,CYP27A1,AGPAT4,NDUFAB1,ARMH3,RAB1B,MS4A6E,,,,CLASP2,CARMIL1,ACTC1,,DMTN,PLEKHJ1,VPS29
AGPAT5,PDIA2,TRAPPC2L,CREB3L2,PITPNM1,PPARA,WBP4,NUP62,,RPA3,UQCC6,CPT2,TOMM22,BDH1,SLC35A5,CDC42,ARFGEF1,,,,SYNE1,MAD2L2,ACACA,,CDK10,ALS2,SLC38A9
IPO9,KTN1,RAB43,NFE2L1,SDCBP,ATF6,TFIP11,RACGAP1,,POLE,AADAT,SPG7,BMF,CYP27A1,SLC50A1,CSNK1D,ARFGEF2,,,,MYO5A,TAGLN3,FLII,,CIT,ATP6V0D1,NSG2
PLPP6,HSP90B1,GDI1,EIF2S1,RNF133,ATF4,PRPF38A,USP44,,NFIC,UNG,ACAD9,ANGEL1,CPT2,STX10,CSNK1A1,CLASP2,,,,TLN2,EVL,PARVA,,ODAM,RAB32,LAMTOR2
ALOX5,TSPAN33,ERO1B,BCL2L11,ARLN,ATF3,LSM4,ADRB2,,MCM3,ACADS,TIMM8A,MIEF1,ACSF3,MAN1A2,LRRK2,ATP9A,,,,FMNL1,MYO19,ACTA1,,SMIM22,RAB31,SNX16
MYOF,TNC,SEC16A,MBTPS1,LOC122513141,ATF1,LSM5,FAM83D,,SET,AP3B1,UQCRC2,FAM210B,NADK2,GOLGA5,CLASP1,BACE2,,,,SVIL,FSCN1,ANKRD23,,NGEF,PICALM,VAMP5
MAD1L1,OS9,YIPF7,JUN,TMED6,POU4F1,SF3A2,IFT88,,ADRA2A,TIMM17A,UQCC4,PPP1R15A,GCSH,CLEC2B,LYSMD3,ARL5A,,,,TLN1,MYO15A,MYO9B,,ARHGAP17,FZD5,RNF149
MAPK3,MSLN,LMAN2,PPP2CB,APH1B,VDR,SNRNP48,SPESP1,,RFC1,BCL2L2,SLC25A21,TIGAR,FASTKD3,SLC35B2,PLEKHM2,M6PR,,,,MYH15,RHOJ,MSRB1,,CELSR1,COMMD1,PCSK9
ABCF1,GPX7,YIPF5,MBTPS2,CANT1,GTF2B,U2AF1,KIF23,,RFC2,URI1,FECH,AGPAT5,FECH,PLD3,PTK2B,AP4S1,,,,AMOTL2,CORO1A,ILK,,IQGAP2,LDLRAP1,AP1AR
SYNE1,DNAJC3,YIF1A,NHLRC1,DNAJC14,E2F2,RBMY1D,CENPE,,RBMS1,JARID2,COX7A2P2,MAOA,MGME1,ZDHHC17,GOLGA8N,KLHL20,,,,TPM4,CFL1,VILL,,DAAM2,PLEKHF1,VPS41
CTDNEP1,TOR4A,RAB1B,NCK2,ATXN3,DDIT3,PTBP2,NEIL2,,NAP1L1,MTERF1,MRPL3,VDAC1,RARS2,ZDHHC13,GOLGA6B,RAB38,,,,FHOD1,KBTBD13,RAB8A,,GPM6B,RPS6KC1,ECPAS
CUSTOS,JMJD8,ERGIC1,BCAP31,GUCY2D,TFDP2,RBM17,DNALI1,,RBBP6,VAT1,MRPL57,USP30,NIPSNAP1,NMNAT2,GOLGA6C,TMEM230,,,,KPTN,PPP1R9A,ARPC3,,HRG,CLN6,HTT
MNS1,FGF23,SEC22B,SDF2L1,PLOD1,TFDP1,SF3B1,CDC27,,DSCC1,GPER1,CKMT1A,MTCH1,ELAC2,ERC1,GOLGA8O,CHST4,,,,AVIL,SHROOM4,ARPC2,,ROCK1,DERL2,BLTP3A
SLC67A1,CLN6,VAPA,UFM1,RAB3GAP2,FOS,SNRNP35,MAP4,,POLD1,COX7B2,ECSIT,SLC25A46,LIG3,FURIN,RAB1A,DOP1B,,,,MYH4,MYO1E,ARPC1B,,PEAK3,TF,TTPA
TNKS,SPP2,CTAGE9,SRPX,ACSL6,RXRB,DDX41,CDC42,,RECQL4,C10orf67,MRPL34,MTERF3,MTHFS,GALNT13,GOLGA8J,CBY1,,,,CD2AP,DLG1,FYB1,,PAK3,WASH2P,PIK3R4
CHMP7,FN1,SEC31B,,CYP7B1,NR1H2,LSM7,PTPN7,,MCM10,IVD,PHB2,MOAP1,ERBB4,GNPTAB,GOLGA8R,TMEM45B,,,,WDR1,FSCN3,PPP1R9B,,EPHA5,MME,VPS11
RTCB,ALB,AKT1,,PAPPA-AS1,FOSL2,RBMY1C,POLDIP2,,PRIM1,HSD3B2,TDH,CCDC127,ALDH1L2,PXYLP1,ATP8B1,OPTN,,,,CFL2,CDC42EP2,SPECC1L,,CORO2B,CD4,VPS33B
RBM15B,AFP,COPB2,,ATP2A1,FOSL1,RBMY1A1,DIAPH1,,WRN,SUPV3L1,SLC25A16,BCL2,LONP1,MMD2,OBSL1,NBEA,,,,CTNNAL1,TMSB4Y,FOXA3,,ARHGAP35,FLOT1,LAMP5
IPO7,TF,ARF4,,SLC27A2,NKX2-5,SYF2,SPOUT1,,POLA2,OGDH,MICU2,MIEF2,CBR4,IFT20,GOLGA8K,FUT9,,,,MYO1A,CORO6,CATIP,,BCAS3,DYSF,LAMTOR3
PLA2G4A,CERCAM,VCP,,CLGN,ATF2,LSM8,CKAP5,,SDE2,RHBDD1,SLC25A41,CYB5R3,MRM1,NOTCH4,CUL7,RAB6A,,,,ABL1,CDC42,FILIP1,,RAC3,RABEP2,GNPNAT1
TNPO3,CD4,CREB3L2,,IFI27,STAT2,IVNS1ABP,CXCR2,,TOP1,DTD1,MRPL50,MFI,HINT2,COG7,COG2,AP4B1,,,,ADD3,TAGLN2,PEAK3,,STAU2,LAMP3,IFNAR1
MX1,FMO1,YWHAE,,PLD2,STAT4,PNN,HECW2,,GMNC,HRK,ATPAF2,NIPSNAP2,MIEF1,ATP6V0B,LMAN1,CLIP3,,,,CNN3,RHOD,MYH9,,ARAP1,EPHA4,RAB22A
MX2,DAG1,RAB1A,,SAYSD1,ATF5,PPIL3,TUBB2B,,SSBP1,TOMM34,SMIM20,PTRH2,SDHA,GALNT12,AP5Z1,CORO7,,,,ACTR3C,LMOD1,C10orf90,,RND1,ANKRD27,AP5M1
ANXA11,FBN1,LMAN1,,SLC8A3,JUN,RALY,CLTC,,POLD2,CDK1,PINK1,TOMM6,IDH3G,CYTH2,ZW10,VAMP5,,,,XIRP2,SH3D21,BIN3,,BST2,HPS5,ATP13A2
TERB2,ERAP2,ZW10,,UGT8,STAT5A,PRPF19,WAPL,,NASP,TSC22D1,SLC25A2,FIS1,NME4,CREB3L3,GOLGB1,CHST2,,,,TWF2,SRF,MYO5C,,BST1,TRAK1,ANKRD13B
MTMR6,ENAM,TRAPPC3,,GRIN2A,STAT6,FRG1,MAPK1,,GINS1,ACOT11,SLC25A30,ULK1,TFB1M,PDCD10,GOLGA8CP,YIPF1,,,,MYO1B,RHOC,ANLN,,LOC107987545,ACKR4,TMEM25
PLPP7,CCDC134,ARCN1,,CDIPT,DRAP1,PPP1R8,CLASP1,,NFIX,RSAD2,CYP2U1,ACSL3,CPS1,USO1,GARIN4,VAMP7,,,,ACTN4,RAC2,TPM2,,HIP1R,PTPN23,LAMP2
LEMD2,PDGFC,BCAP31,,UGT2B4,NFYB,GEMIN2,EPB41,,POLN,PGR,COX6C,VDAC3,RNASEL,TPST2,HACE1,PHETA2,,,,ARPC4,TMOD1,HNRNPC,,CLASP2,HAP1,MAP2K1
FAM156A,MINPP1,PREB,,CHPT1,CRX,TTF2,CDC14C,,MCM6,VRK2,SFXN3,TRAF3IP3,THEM5,SLC30A8,HIKESHI,ATP8A1,,,,SPTBN1,CAV3,ATP12A,,ROCK2,HLA-G,SLC30A4
NUP107,PLAUR,GOPC,,RAB2B,S100A10,SRSF1,DCTN1,,FAM111B,ATPAF1,CRAT,ATAD1,DAP3,SORL1,GOLGA8B,FUT7,,,,GAS2,LMOD3,BAIAP2,,RHOG,ITCH,A0A2R8YD15
NUP35,LAMB1,TRAPPC9,,KCNA2,CHD4,ARMC7,TFDP2,,RPA2,PALLD,SDHA,MTCH2,FASTKD2,SGCD,COG1,AP1G1,,,,FLNB,HCLS1,MYOZ2,,SH3BP1,TBC1D2B,NSG1
NUP37,EVA1A,TEX261,,RDH10,STAT1,CLNS1A,KIF2A,,UPF1,SLC35A4,NME4,SH3GLB1,THEM4,CHST7,GOLGA8Q,DPY30,,,,CTNNA3,ARHGAP25,CDC42EP4,,RAPGEF3,NAPEPLD,F2R
NUP43,IL23A,LMAN1L,,ZDHHC1,HLTF,SNIP1,GEM,,POLD4,RTN4IP1,ATP5PO,TSPO,ATP5PB,COPE,GOLGA8M,VPS51,,,,TAGLN3,MARCKSL1,CORO1C,,F11R,STX8,CD63
GNAZ,CRTAP,,,TMCC1,TCF3,CRNKL1,DCDC1,,CDK2,MYOC,COQ7,PI4KB,CDK5RAP1,NCAM1,,VAMP4,,,,SPTBN4,RND2,MYO5B,,RHOQ,MAP2K2,UNC13D
RANBP2,F10,,,MGLL,RXRG,CIRBP,PKHD1,,,RNF5,CPS1,MFN2,NMNAT3,PLPP3,,BICD1,,,,EGFR,CAP2,MYO6,,ESAM,SNX6,WASHC1
NUP153,F9,,,UFL1,RFX5,HNRNPA2B1,ESPL1,,,NEU4,SURF1,SAMM50,ISCA2,GCNT7,,PCSK7,,,,DBNL,ARHGAP6,MPP4,,SIGLEC15,SNX7,VPS18
PCYT1A,F2,,,EXTL1,NFYC,SNU13,FAM161A,,,ACSM2A,UQCC5,MAOB,ATG4D,PRKN,,GGA1,,,,MYO19,CGNL1,HAP1,,TWF2,KIF16B,KCMF1
TPR,AMBN,,,SEC24D,LMO4,SNRNP70,ARHGAP6,,,ACSM1,DAP3,CYB5A,GLRX5,MALL,,GGA2,,,,GAS2L2,OOEP,PAWR,,ARHGEF15,SNX27,MAPK1
ALOX5AP,VCPIP1,,,ZDHHC14,POU2F1,SNRPB2,KIF22,,,UQCC3,THEM4,TOMM40,SDHAF2,WIPI1,,ARL1,,,,LIMA1,RHOB,MYL2,,FSCN1,PACSIN2,LDLR
IPO11,MGAT4A,,,PKMYT1,,PABPC1,NEDD9,,,SLC44A1,ATP5PB,AMBRA1,COASY,CLSTN3,,TJAP1,,,,GJB6,NLRP5,DENND2A,,TAOK2,WASH6P,ATG9A
FBXW11,ADAMTS5,,,LRRC8D,,CRIPT,KIF11,,,LMO7,MRPS12,STMP1,ECH1,GORASP1,,PCSK1N,,,,MYO16,LMOD2,LIMCH1,,CORO1A,AOC3,TMEM59
CALR,CALR3,,,TMEM208,,CWC15,KNSTRN,,,TRUB1,YME1L1,LETMD1,TEFM,MARCHF8,,AZIN2,,,,SCIN,TMSB4X,CORO2B,,TGFB2,FERRY3,LAMP1
BANF1,MEPE,,,TMEM43,,SNRPA1,NUMA1,,,MAIP1,MRPL39,MT3,TMLHE,MAPKAP1,,HOOK2,,,,FSCN1,FAT1,MACF1,,VANGL2,ATP11A,ATP7B
TOR1AIP1,THBS1,,,LMF2,,DHX32,PYCR3,,,RNASET2,KCNK16,SNN,EXD2,NOS3,,YIPF6,,,,MYH13,WAS,PEAK1,,FZD10,VIPAS39,DDIT3
TOR2A,FAM20C,,,KLHL41,,HNRNPH1,KLHL22,,,DCAF8,IMMP2L,MTFR1L,CCNB1,DHCR24,,MLANA,,,,MYH2,NCK2,ARHGAP35,,ARHGEF5,ARAP1,CST7
LEMD3,LAMC1,,,UGT1A9,,HNRNPH3,DYNLL1,,,DDX3X,SLC25A25,PGAM5,ACSM5,RHEB,,RAB21,,,,AJUBA,PRKCI,PDLIM7,,DVL2,PLEKHF2,CLEC16A
NUP62CL,HSPA5,,,YIF1B,,DHX40,KAT2A,,,SPRYD4,MRPL52,FBXL4,ABCE1,MGAT1,,PARP12,,,,BLOC1S6,PDLIM3,PKNOX2,,OR2A4,NIPA1,GRN
POM121,INS,,,TMEM41B,,RBM48,DNAAF5,,,MT-ND3,NDUFB11,BCL2A1,TOP3A,TMED2,,SCOC,,,,MYO15A,CNN1,ACTL8,,CSF1R,WASH4P,ZFYVE26
NXF1,COL16A1,,,ALG1,,HSPA8,WDR5,,,MT-ND2,TMEM160,SMIM26,OAT,LLGL1,,ARL5B,,,,NEB,RHOU,KANSL2,,CDC42,AP1B1,IGF2R
LMNB1,CKAP4,,,HMOX1,,PRPF8,TRAPPC14,,,MT-ND1,HSD3B1,MYO19,BCAT2,SCYL3,,MARCHF9,,,,CORO1A,VIL1,SYNPO2L,,LRP1,EHD2,RASGEF1B
SUN2,PRKCSH,,,RNF43,,MFAP1,TUBB4B,,,PSMA6,TMEM242,MTX2,SOD2,TLCD3B,,PCSK4,,,,FRG1,GSN,SORBS2,,PDGFRA,EHD3,AP5B1
FAM169A,IGFBP5,,,ERMARD,,EIF4A3,TUBB2A,,,COX14,MRPL28,PPTC7,NR3C1,KIAA0319L,,ATP9B,,,,FLNC,CLRN1,RND1,,ARHGAP44,TRIM27,SLC11A2
MTMR8,WNT6,,,SEC11A,,RBMY1B,EML4,,,AKR1B15,MRPS18A,ARMCX3,DHRS2,GLG1,,LAMP2,,,,MYH11,CCL11,ARPC1A,,EPHA3,DNAJC13,SLC11A1
SIRT1,ERP27,,,NCEH1,,HTATSF1,,,,LYRM7,ATAD3A,TAFAZZIN,SIRT5,CREB3L4,,YIPF7,,,,CFL1,RHOF,WASL,,PDGFRB,ASTN2,ATP7A
TNMD,MAPK3,,,TMEM106C,,PRPF3,,,,PPP2R1A,UQCC1,BAK1,TWNK,IL15RA,,GCNT1,,,,KBTBD13,TRPV4,MYO1G,,TAOK1,CCDC93,CD1E
NUP50,FKBP7,,,ELOVL1,,HNRNPR,,,,MYOM2,NDUFAF2,RNF185,MCCC1,GBGT1,,YIPF5,,,,PPP1R9A,RND3,FILIP1L,,TGFB1,ATP9A,STARD3
TNKS2,HYOU1,,,FMN1,,PRPF38B,,,,BAG5,SLC9B2,SNCA,GFM1,WSCD2,,STX16,,,,SHROOM4,SHROOM2,MYO7A,,RHOC,MAPK3,RHOB
NUP62,IL27,,,SLC35D3,,HNRNPF,,,,ACSL6,SLC25A24,MGST1,PRORP,YKT6,,WDR11,,,,ANXA8,GDPD2,CD274,,CCDC88A,LIPG,RAP1A
ATP1B4,H6PD,,,TMEM147,,HNRNPM,,,,VHL,COX7A2,BOK,SLIRP,MMGT1,,TPST1,,,,MYO1E,AQP2,CLIC5,,RALA,SNX13,NBR1
DDX19B,SPP1,,,TMED9,,TRA2B,,,,ATP2A1,NNT,TRABD,CMC1,PAQR4,,PLOD3,,,,TWF1,,ACTR2,,TRPM2,NOX1,CTSS
ATRAID,RCN3,,,ALG8,,RBMY1E,,,,MRPL51,MRPL49,ABCB6,ARHGAP11B,PSENEN,,MARCHF4,,,,FSCN3,,ACTR3,,RAC2,PLD4,RAB7B
LMNTD1,COL26A1,,,MBLAC2,,PRPF4,,,,RAB29,SIRT5,BNIP3,MTRES1,IRGM,,VPS54,,,,ABLIM1,,CLIC4,,EFNA5,ENTR1,AP5Z1
CNEP1R1,COL22A1,,,TRIM13,,DHX15,,,,SPNS1,TWNK,BNIP1,MPST,GOLT1A,,CCDC91,,,,CORO6,,NPFFR2,,HRAS,MYO5A,DYNC1LI2
OTULINL,FKBP10,,,PTDSS2,,PHF5A,,,,IFI27,COA1,MGST3,ACOT2,RAB11FIP5,,LAP3,,,,EEF2,,CAPZB,,ARHGEF26,WASHC2C,UBE2A
NPC1,FSTL3,,,TMEM109,,TSSC4,,,,UQCR11,CHCHD3,TOMM40L,FDXR,TMEM50B,,GPR108,,,,DSTN,,MYO5A,,ITGB3,SGK3,EXOC8
BNIP3,TSPAN14,,,FICD,,SNRPD3,,,,UQCRQ,COX7B,FATE1,PRIMPOL,ST8SIA4,,CLTC,,,,PLS3,,TLN2,,ABL2,ZFYVE9,TICAM2
BNIP2,GHRL,,,TMEM132A,,SNRPD2,,,,HAT1,COX7A1,MIGA1,NSUN3,ST8SIA2,,LRRK2,,,,LCP1,,SVIL,,RND2,APH1A,SNX32
BNIP1,DBI,,,CNIH4,,SNRPD1,,,,TIMM23,AMBP,MTARC2,TFB2M,ST8SIA1,,CLVS2,,,,CTNNA1,,RIGI,,NEDD9,RAB38,SLC30A3
CHMP4B,DNAJB11,,,MARCHF1,,LSM6,,,,GATM,SLC25A26,MUL1,FH,TAPBPL,,DENND5A,,,,TAGLN2,,KLHL20,,PDGFA,NISCH,CLCN3
MGST3,DNAJB9,,,LPGAT1,,LSM3,,,,CPT1A,MRPL10,HK1,MTHFD2L,FAIM2,,YIPF2,,,,TRIOBP,,STK38L,,ARHGEF16,ARRDC4,KCNQ1
TOR3A,CTSZ,,,RAB3GAP1,,DHX8,,,,SYNJ2BP,MRPL55,RHOD,SIRT3,ARFIP1,,CCDC186,,,,ARPC5,,EFR3B,,DAPK3,INPP5F,ELAPOR1
IRAG2,CP,,,ARL6IP1,,SNRPG,,,,SLC8A3,SLC25A35,IFI6,METTL8,SCFD1,,ATG9A,,,,FERMT2,,SWAP70,,TESK1,ATP11B,PARM1
NUP160,PCSK9,,,TRAM2,,SNRPF,,,,ETFA,TMEM14C,MCL1,NGRN,PAQR3,,ATP7B,,,,COTL1,,WASF2,,RHOF,TMEM230,VPS36
TOR1B,POGLUT1,,,STT3B,,SNRPE,,,,COX10,COX16,BCL2L1,NT5M,COPA,,GSAP,,,,ABI3,,HSPB7,,NAA20,WASF2,
TOR1A,SUMF1,,,HERPUD1,,RBM5,,,,NRP1,ATP5MJ,BAX,ME3,COPB1,,RGS20,,,,CAMSAP3,,KPTN,,RND3,CD22,
RRM1,SUMF2,,,EMC2,,PPIH,,,,ROMO1,DELE1,BID,HAGH,DYNAP,,AP4M1,,,,ACTR3B,,AVIL,,RHOA,SNX4,
TERB1,COLGALT1,,,SPCS2,,SART1,,,,GRSF1,MRPL14,OPA1,TST,TMEM165,,GRN,,,,AFDN,,RGS22,,CAPN10,MIB2,
TMEM33,GOLM1,,,CPT1C,,MTREX,,,,TERT,FDXR,ZNFX1,SARS2,RAB14,,IGF2R,,,,MYH14,,ACTL7B,,ABITRAM,VPS33A,
SRSF1,P4HB,,,TEX2,,PLRG1,,,,DUSP21,MRPL54,ARMCX1,MTRFR,SURF4,,STX6,,,,MISP,,MYRIP,,PIK3R2,ARRDC3,
PLA2G4C,ADAMTSL4,,,PI4K2B,,PRPF6,,,,MTRNR2L5,ABCB10,SERAC1,TRIT1,LEPROT,,BECN1,,,,SPTB,,CD2AP,,PFN3,CHMP3,
NUP42,CDH2,,,STX17,,USP39,,,,MXD1,LGALS3,SPATA19,NDUFS8,BET1L,,FUT4,,,,TULP1,,WDR1,,HAX1,TRIM3,
CC2D1B,CALU,,,HSD17B7,,RBMX,,,,PPP1CC,IMMP1L,LRRK2,PRKACA,TLR7,,SLC11A2,,,,CYFIP1,,NTN1,,ARHGAP40,RNF11,
BAX,COL6A3,,,SLC9A6,,PRPF18,,,,BLID,SPHK2,MAVS,OGDHL,ZDHHC3,,OSBP,,,,SLC6A4,,CROCC,,ARPC3,DNER,
SEC13,COL6A2,,,UBXN4,,BUD31,,,,SULT1C2,ATP5MG,SPATA18,HPDL,SLC9A7,,RAB11A,,,,ADD2,,CFL2,,PLEKHG2,ANGPTL3,
ATF6,COL6A1,,,LPIN2,,CACTIN,,,,PDHX,ATP5PD,PPP2R2B,DECR1,CLN3,,ATP8B1,,,,ADD1,,KLHL2,,CYFIP2,CNTNAP2,
LTC4S,COL11A1,,,PIGC,,ZCCHC8,,,,CA5BP1,DNAJC30,PGRMC1,ERAL1,RAB10,,ATP7A,,,,ACTN2,,RAB5A,,CYRIB,VPS29,
GABRB1,F5,,,PIGB,,HNRNPK,,,,GCDH,SLC25A22,ARMCX6,METTL17,ST8SIA5,,ARL5C,,,,CTNNA2,,TTC17,,LATS1,RAB5A,
FAF1,TSPAN15,,,PIEZO1,,DDX46,,,,BAD,MTHFD2L,AKAP1,IARS2,SERINC3,,SNX9,,,,FMNL3,,TM4SF19,,RASA1,USP8,
SCGB1A1,COL9A1,,,SLC39A7,,ALYREF,,,,FAM222B,UQCRH,MIGA2,TRMT5,TLR3,,TGOLN2,,,,NEBL,,AXL,,CYRIA,AP3M1,
PARP1,TXNDC5,,,RDH11,,CWC22,,,,NOC3L,COQ10B,RAC2,ACSS3,RHBDD2,,RAB7B,,,,ITPRID2,,MYOT,,ARPC5,NSG2,
NUP54,CALR,,,DNAJB14,,,,,,SDHC,LETM1,VDAC2,ACSS2,GPR89A,,ATG9B,,,,AIF1,,MYO1A,,ARPC5L,SNX16,
NUP205,SERPINA10,,,OSBPL6,,,,,,FASTKD1,AIFM3,KRAS,PGS1,RAB9A,,SNX32,,,,EZR,,ABL1,,COTL1,PCSK9,
CBX5,ESD,,,OSBPL7,,,,,,PI4K2A,KCNK9,CNR1,RAD51,HS3ST6,,TRAPPC9,,,,HCLS1,,IPP,,ARHGAP28,RAP1GAP,
DCTN1,BMP15,,,OSBPL8,,,,,,ATP5PF,SLC25A12,HADHB,DGUOK,GBP4,,ELAPOR1,,,,MARCKSL1,,RARA,,CYFIP1,SERPINB1,
NUP214,SIL1,,,CALHM1,,,,,,PDHA2,MRPS30,BNIP3L,TRNT1,GBP5,,ARFRP1,,,,ABL2,,CNN3,,HCLS1,AP1AR,
RAC2,MIA3,,,CERS3,,,,,,NDUFV3,NDUFA5,GK2,MCEE,ABCA12,,PLEKHA3,,,,PLS1,,GFRAL,,ELN,PSEN2,
CSE1L,IGFBP7,,,TMC8,,,,,,IBA57,GHITM,GK3,ALDH18A1,TAPBP,,OTOF,,,,CAPZA2,,SRCIN1,,GBA2,PSEN1,
MAJIN,ARSG,,,WLS,,,,,,LETM2,ACAD11,ATF2,HMGCS2,GALNT10,,,,,,RCSD1,,BPIFB4,,,NUMB,
BNIP3L,ERLEC1,,,MBOAT2,,,,,,TFAP4,ATP5MK,PIGBOS1,DDX28,DRD2,,,,,,AIF1L,,CRMP1,,,VPS41,
SEH1L,ADAMTS7,,,SFTPC,,,,,,ATP5MF,NDUFS8,GK,ABHD10,GALNT7,,,,,,LASP1,,POTEF,,,PHETA2,
RAN,EOGT,,,SRXN1,,,,,,MISFA,MRPL46,FOXO3,ACSS1,FZD5,,,,,,SHTN1,,MYO1B,,,HYAL3,
TMPO,F8,,,CYP4V2,,,,,,CHCHD5,ERAL1,BCL2L11,PARS2,ROCK1,,,,,,CAPZA1,,ACTN4,,,A0AAG2TVC3,
BROX,COL8A1,,,SEZ6L,,,,,,TCHP,SFXN2,SLC11A2,POLRMT,ARF3,,,,,,ABLIM3,,ARPC4,,,ECPAS,
LPIN1,COL5A1,,,RNF26,,,,,,ALKBH7,PLSCR3,LPIN1,FASTKD5,GOLGA4,,,,,,CNN1,,CARMIL2,,,ECE1,
ITPR1,GPC3,,,SLC35G1,,,,,,MTG1,MRPL17,HK2,C1QBP,CABP1,,,,,,GAS2L3,,FLNB,,,HTT,
KPNB1,POGLUT2,,,SEC11C,,,,,,CRYAB,PGS1,CYB5B,SHMT2,RAB2A,,,,,,MYO10,,IQCG,,,MYO1B,
NSMF,ERO1B,,,ESYT1,,,,,,FUNDC2,SCO1,MTOR,COQ3,RAB8A,,,,,,VIL1,,BAIAP2L1,,,AP3S2,
MTOR,GAS6,,,ATG101,,,,,,RNASEH1,MT-ATP6,CASP8,FDPS,B3GNT2,,,,,,GSN,,TAGLN3,,,AP1G1,
NEMP2,CHGB,,,ERP44,,,,,,NFKB1,DHODH,UBA52,MOCS1,LDLRAD4,,,,,,TRPV4,,APPL1,,,GATD1,
LRRC59,ARSA,,,ACSL4,,,,,,SLC25A34,ABCB8,RPS27A,SIRT4,BET1,,,,,,IQGAP3,,GABARAP,,,PTP4A3,
LBR,COL18A1,,,SEC22C,,,,,,MTIF2,ALDH18A1,MTARC1,NDUFAF1,SMPD3,,,,,,NRAP,,ZNF74,,,CRYZL1,
CENPF,COL21A1,,,REEP2,,,,,,NUDT9,MRPL44,SEPTIN4,MTRF1L,QPCTL,,,,,,SHROOM2,,STOML2,,,APPL1,
NUP98,BDNF,,,ATP8B3,,,,,,TIMM21,SFXN1,MTX3,QARS1,GALNT8,,,,,,SPTAN1,,FAM107A,,,LRP6,
CHMP2A,ERP29,,,DPY19L3,,,,,,PLA2G4F,OCIAD2,TUFM,MTERF3,HEPACAM2,,,,,,,,MYO19,,,SLC30A10,
MLIP,COL11A2,,,DGAT2L6,,,,,,KATNAL1,MRPL21,AGK,PTCD1,ZDHHC7,,,,,,,,ONECUT2,,,ACKR1,
NELL1,ARSI,,,DIPK1C,,,,,,TRMT61B,SLC25A3,ARMCX2,NFS1,SMPD4,,,,,,,,SEPTIN9,,,VPS11,
POM121C,ARSJ,,,PIGX,,,,,,HAUS3,SHMT2,TOMM20,TAMM41,STX5,,,,,,,,LIMA1,,,VPS33B,
SYNE2,ARSH,,,CNIH3,,,,,,CUTA,COQ3,DAO,PYCR2,KDELR1,,,,,,,,APBB3,,,GGA1,
TRPC7,TOR3A,,,GJC1,,,,,,MBLAC2,MRPL35,BRI3BP,ACAD10,RAB40C,,,,,,,,SCIN,,,DBNL,
CETN2,ADAM10,,,GRAMD2A,,,,,,ATP5ME,MRPL38,BCL2L10,MDH2,CHST6,,,,,,,,NPM3,,,RABGAP1L,
SIGMAR1,TOR1B,,,HMGCLL1,,,,,,ATP5F1E,MRPL42,TOMM20L,AK4,SYBU,,,,,,,,FSCN1,,,VPS28,
MGST2,TOR1A,,,CYP2W1,,,,,,MRPL2,SIRT4,PRNP,NAXE,CHST5,,,,,,,,TAOK2,,,RBSN,
CYBB,MYDGF,,,SLC35B2,,,,,,KIFC3,OMA1,PMAIP1,CA5B,GALNT5,,,,,,,,H1-0,,,VPS26A,
CDK2,P4HA1,,,PLD3,,,,,,TIMM17B,NDUFAF1,ACSL1,EXOG,B3GNT8,,,,,,,,RAB22A,,,TMEM127,
ZC3HC1,PDIA4,,,ABHD4,,,,,,PAGE4,MPV17L2,MLXIP,PDPR,VPS13B,,,,,,,,INTS6,,,NEURL3,
,VCAN,,,TM6SF2,,,,,,POU5F1,MCUR1,STING1,AASS,QSOX2,,,,,,,,MYO15A,,,CACFD1,
,PRSS23,,,SPPL2C,,,,,,RXRA,FLVCR1,GPAM,FDX1,AGTRAP,,,,,,,,NEB,,,NTRK2,
,CANX,,,RB1CC1,,,,,,XPC,MRPS23,BPHL,NIPSNAP2,HUWE1,,,,,,,,PDXP,,,RAB22A,
,WNT5B,,,RDH5,,,,,,ACSM2B,MRPS18B,,FARS2,GCNT4,,,,,,,,SNCA,,,RAB21,
,ERO1A,,,LRRC8C,,,,,,TMEM65,PISD,,PAM16,ABCG1,,,,,,,,DDR2,,,RAB17,
,CST3,,,PNPLA6,,,,,,HSCB,MPC1,,REXO2,DAG1,,,,,,,,SYNPO2,,,MAGEL2,
,TIMP1,,,NOTCH4,,,,,,KARS1,CHDH,,PUS1,SCARB2,,,,,,,,BARX2,,,RABGEF1,
,P3H2,,,PCYT2,,,,,,LARS2,DNAJC19,,ALDH1B1,HPD,,,,,,,,CORO1A,,,TOLLIP,
,C3,,,SEC62,,,,,,SLC44A2,TAMM41,,EARS2,RAB33A,,,,,,,,CFL1,,,SNX12,
,SERPINA1,,,CTAGE15,,,,,,MFN1,COX5A,,ABHD11,CHST12,,,,,,,,VASP,,,ADRB2,
,SERPINC1,,,ACER1,,,,,,NT5C,AFG3L2,,ETHE1,PDGFC,,,,,,,,PPP1R9A,,,EHD1,
,APLP2,,,PON3,,,,,,MRPL30,HADHA,,SOD1,SAMD8,,,,,,,,SHROOM4,,,CORO1A,
,TXNDC12,,,NOMO1,,,,,,SLC25A47,SLC25A36,,PPIF,TLR8,,,,,,,,ARSJ,,,ANKRD13B,
,BMP4,,,CREB3L3,,,,,,STX17,MTFP1,,DMGDH,ASAH2,,,,,,,,MYO1E,,,SNX31,
,STS,,,CNIH2,,,,,,HSD17B7,UQCR10,,MRRF,MAN1C1,,,,,,,,ACTB,,,F8A1,
,IGFBP1,,,RAB5IF,,,,,,GLYCTK,NDUFC2,,YARS2,RNF121,,,,,,,,MYOZ1,,,WDFY2,
,PLOD3,,,RNFT1,,,,,,MCAT,SLC25A28,,MRPS2,SACM1L,,,,,,,,ACTL10,,,ATP6V0D2,
,SELENOF,,,ALG10,,,,,,FAM110B,STAT3,,GSTK1,ATP8A2,,,,,,,,TWF1,,,AP1S3,
,F7,,,ALG12,,,,,,WASF1,MRPL24,,MTERF2,CAMK1G,,,,,,,,FSCN3,,,NIPA2,
,CFP,,,DERL1,,,,,,MRPS27,EXOG,,ACSF2,PTGES2,,,,,,,,PPP2R3C,,,PRDX3,
,COL9A2,,,G6PC3,,,,,,FUNDC1,SLC25A10,,RPUSD4,NAA60,,,,,,,,ABLIM1,,,MAP2K1,
,COL9A3,,,FMO6P,,,,,,SIAH3,COX8A,,FLAD1,CHST11,,,,,,,,ANG,,,PTP4A2,
,COL4A6,,,DPM1,,,,,,CPT1B,TIMM8B,,NSUN4,GOLPH3,,,,,,,,KNTC1,,,WASHC5,
,PTGS2,,,CYP4F3,,,,,,IER3,MCU,,SHC1,GOLPH3L,,,,,,,,AHNAK,,,AP3D1,
,IL12A,,,ILDR2,,,,,,HSD17B8,ETFDH,,HTD2,A4GALT,,,,,,,,DSTN,,,HPS3,
,COL8A2,,,DHRS4,,,,,,SLC25A40,TMEM186,,ALAS2,ATP6AP2,,,,,,,,LCP1,,,ANXA2,
,TXNDC16,,,ZFYVE27,,,,,,MMAA,AIFM1,,ACADVL,TMEM87B,,,,,,,,CTNNA1,,,PTP4A1,
,FGA,,,EBP,,,,,,MT-RNR2,PAM16,,NDUFA10,RTN1,,,,,,,,CSNK1D,,,EHD4,
,FGG,,,UBC,,,,,,SAMD9L,MRPS18C,,FOXO3B,PYCARD,,,,,,,,TAX1BP3,,,NF2,
,MELTF,,,UBB,,,,,,MRPL37,NDUFS6,,NRDC,UGCG,,,,,,,,TAGLN2,,,PHB1,
,COL4A2,,,CTAGE8,,,,,,SLC29A3,MRPS16,,IDH3B,NDST4,,,,,,,,TRIOBP,,,LRP1,
,COL20A1,,,SGPP2,,,,,,SARM1,MRPL11,,HARS2,ARFGAP3,,,,,,,,CDC42EP3,,,NCSTN,
,LAMB2,,,CTAGE4,,,,,,ARMC12,SLC25A15,,GSTZ1,RAB26,,,,,,,,ARPC5,,,HSPD1,
,MTTP,,,CHRNA7,,,,,,LDHAL6B,PLA2G4A,,ACSM4,ACBD3,,,,,,,,ARPC5L,,,HAS3,
,MANF,,,UGT2B10,,,,,,IFIH1,TIMM13,,STAR,SLC35D2,,,,,,,,EPHA3,,,RHOD,
,GCG,,,MRAP,,,,,,BCO2,TIMM9,,GSR,MAN2A1,,,,,,,,ARC,,,APBB2,
,MAPK1,,,ALG3,,,,,,NLN,TIMM10B,,MLYCD,ST6GAL2,,,,,,,,PDLIM5,,,NSG1,
,PENK,,,SORL1,,,,,,ATAD3B,FOXRED1,,MTHFD1L,SEC16B,,,,,,,,KLHL14,,,MGRN1,
,PDGFB,,,TRIM59,,,,,,PANK2,CDS2,,GLUD1,NOTCH3,,,,,,,,CTTNBP2NL,,,EPHA3,
,POGLUT3,,,GRIN3A,,,,,,MRPS26,MRPS33,,NDUFS2,MGAT4A,,,,,,,,PKD2L1,,,F2R,
,WNT4,,,PIGK,,,,,,TRIM34,SLC22A14,,PITRM1,COG3,,,,,,,,SPTB,,,ACKR3,
,GGCX,,,HM13,,,,,,SOX10,HIGD1A,,MRM2,PLEKHA8,,,,,,,,SPPL2B,,,PPP1R21,
,PDIA6,,,SPPL3,,,,,,MRPL1,NOA1,,GLS2,GFY,,,,,,,,ACTN2,,,WASH3P,
,LIPC,,,PNPT1,,,,,,MRPL4,COQ6,,POLG2,TMCO1,,,,,,,,CTNNA2,,,ANKFY1,
,TSPAN5,,,EIF5AL1,,,,,,MRPL9,MRPS2,,SUCLG2,HLA-G,,,,,,,,CNR1,,,WASHC1,
,RCN2,,,SGCD,,,,,,MRPL13,MRPS7,,NARS2,ASAP1,,,,,,,,MAEA,,,ADRB1,
,EBI3,,,ZDHHC6,,,,,,MRPL20,MRPS17,,RCC1L,ZDHHC8,,,,,,,,FGR,,,MELTF,
,STC2,,,COPE,,,,,,MRPL32,MRPS28,,NDUFB8,MAPK8IP3,,,,,,,,FLT1,,,VPS18,
,WFS1,,,CYB561D2,,,,,,OXCT2,NDUFB2,,FXN,MGAT4B,,,,,,,,DNAJC24,,,FGD2,
,KNG1,,,C2CD2L,,,,,,TMEM69,NDUFA3,,PGK1,NAPEPLD,,,,,,,,EZR,,,MAPK1,
,COL28A1,,,CYP4B1,,,,,,HDHD5,NDUFB6,,POLG,COG8,,,,,,,,MTSS1,,,LDLR,
,P4HA3,,,CFTR,,,,,,PECR,RDH13,,GPX1,ST6GALNAC1,,,,,,,,ABL2,,,ZFYVE16,
,SERPING1,,,DMPK,,,,,,QTRT1,GCAT,,ISCU,ZDHHC15,,,,,,,,SPRY2,,,WASHC2A,
,COL15A1,,,DNAJC18,,,,,,DHRS4L2,CHCHD1,,MARS2,GABARAPL2,,,,,,,,WIPF1,,,WDFY1,
,COL5A2,,,TREX1,,,,,,FEM1A,TIMM22,,NDUFS3,EEF1AKMT4-ECE2,,,,,,,,CORIN,,,PTPN1,
,COL5A3,,,PLPP3,,,,,,SLC25A33,PRODH2,,OTC,ECE2,,,,,,,,CAPZA2,,,AP4M1,
,MBTPS1,,,PRKN,,,,,,GSTP1,MT-CYB,,PMPCB,AGPAT3,,,,,,,,ARHGAP6,,,SLC9A3,
,GANAB,,,ATG14,,,,,,MTNAP1,COX20,,TRUB2,HLA-E,,,,,,,,SIPA1L1,,,ZFYVE26,
,APP,,,MBOAT1,,,,,,HDHD3,APOOL,,NME6,HS6ST2,,,,,,,,CGNL1,,,F2RL1,
,SERPINH1,,,AGMO,,,,,,TACO1,TOMM40,,DLAT,TMEM167B,,,,,,,,POTEE,,,IGF2R,
,ARSB,,,DDOST,,,,,,TIMM29,NDUFB10,,PTCD3,VPS45,,,,,,,,AIF1L,,,KDR,
,NOTUM,,,RNF19B,,,,,,PDSS1,NDUFB4,,DNAJA3,RAB6B,,,,,,,,CLUAP1,,,STX6,
,P3H1,,,SEC61G,,,,,,RANBP6,NDUFV1,,LIPT1,SPRING1,,,,,,,,ACTA2,,,RASGEF1B,
,C4A,,,CLSTN3,,,,,,AGMAT,CYP11B2,,PIN4,COG5,,,,,,,,WAS,,,CACNG7,
,SERPIND1,,,LPIN3,,,,,,NTPCR,ALAS2,,PPTC7,SGCZ,,,,,,,,AMPH,,,WASHC3,
,LTBP1,,,FZD6,,,,,,ATAD3C,PSEN1,,NDUFS7,ST3GAL5,,,,,,,,ARHGAP32,,,RAB1A,
,SPARCL1,,,MARCHF8,,,,,,CRYZ,ACADVL,,UQCRFS1,B3GALT6,,,,,,,,GBP1,,,SNX30,
,IL6,,,MARCHF6,,,,,,PPP3CA,NDUFA10,,MALSU1,GPR89B,,,,,,,,CAPZA1,,,BLTP3B,
,PDGFA,,,APOL2,,,,,,NDUFV2,SCO2,,WARS2,A4GNT,,,,,,,,ABLIM3,,,GPR107,
,TGOLN2,,,SELENOS,,,,,,MIEN1,TIMM50,,ACOT9,AP1G2,,,,,,,,PDLIM3,,,EPS15,
,PNPLA2,,,ATP10A,,,,,,UQCC2,STMP1,,STYXL1,B3GAT2,,,,,,,,CNN1,,,SLC11A2,
,PDIA5,,,VKORC1,,,,,,AIFM2,LETMD1,,PDK4,ATP6V1F,,,,,,,,DGKH,,,STEAP2,
,COL19A1,,,CYBC1,,,,,,GLYATL1B,SLC25A20,,TXNRD2,ST3GAL2,,,,,,,,GAS2L3,,,RFTN1,
,RCN1,,,UGT1A6,,,,,,ACSL4,COX6A1,,ACAD8,LMTK3,,,,,,,,FER,,,USP10,
,MZB1,,,MAPKAP1,,,,,,MRPL45,MPV17,,SARDH,MAN1A1,,,,,,,,NEURL1B,,,CCDC154,
,SELENOM,,,AADAC,,,,,,SLC30A2,PLA2G4B,,TRMT2B,NDFIP2,,,,,,,,VIL1,,,APP,
,COL23A1,,,TMEM259,,,,,,BCKDHA,NDUFS5,,MT-CO2,FKRP,,,,,,,,GSN,,,CD1E,
,B2M,,,SLMAP,,,,,,ANK2,SLC25A6,,SNCA,ATP2C1,,,,,,,,TMEM63B,,,STAMBP,
,WNT5A,,,TKT,,,,,,ETNPPL,SLC25A4,,AK3,PKD1,,,,,,,,PARVB,,,RCSD1,
,MFGE8,,,ATP10B,,,,,,PRXL2B,SLC25A14,,HADH,ACER3,,,,,,,,PARVG,,,GRIA1,
,SDF2L1,,,DHCR24,,,,,,PHYKPL,SLC25A27,,MTHFD2,CASD1,,,,,,,,NCOA5,,,RHOB,
,ARSK,,,RHEB,,,,,,TMEM126B,MT-CO1,,PCK2,EMP2,,,,,,,,,,,WIPF3,
,CES3,,,RNF139,,,,,,DDX1,TMEM126A,,NFU1,COG4,,,,,,,,,,,RAP1A,
,AMTN,,,TMED2,,,,,,ETFRF1,NDUFS2,,MTG2,ZDHHC18,,,,,,,,,,,NME1,
,ARSL,,,TLCD3B,,,,,,TRIM31,NDUFA12,,SMDT1,NLRP3,,,,,,,,,,,SNX5,
,ARSD,,,LRIT3,,,,,,NUBPL,RCC1L,,ACOT13,FAM20C,,,,,,,,,,,ARF6,
,COL10A1,,,IZUMO1,,,,,,GDAP1,PGAM5,,ACP6,UNC50,,,,,,,,,,,KIAA0319,
,ANO8,,,RNF103,,,,,,LACTB,MPC1L,,NGB,CSGALNACT1,,,,,,,,,,,SIAH2,
,SPON1,,,CREB3L4,,,,,,CXorf38,NDUFB8,,ALDH5A1,SLC33A1,,,,,,,,,,,PLPP2,
,,,,ELOVL7,,,,,,TTC8,NDUFA7,,PDSS2,SLC16A13,,,,,,,,,,,HMGB1,
,,,,HSD11B2,,,,,,TICAM1,STOML2,,ACSM6,INS,,,,,,,,,,,TICAM2,
,,,,IL15RA,,,,,,GADD45GIP1,UQCRHL,,MRPS10,B3GALT9,,,,,,,,,,,DIAPH2,
,,,,TRAM1L1,,,,,,EYA2,SLC25A13,,ALDH2,RIC1,,,,,,,,,,,SNX32,
,,,,JAGN1,,,,,,HAX1,SLC25A18,,ALDH6A1,NOTCH1,,,,,,,,,,,CHMP1A,
,,,,TMEM258,,,,,,SNAP23,SLC41A3,,NAT8L,AP1B1,,,,,,,,,,,RAPGEF1,
,,,,CISD2,,,,,,ACOT7,COQ2,,CSKMT,CAV1,,,,,,,,,,,ERBB2,
,,,,PTGS1,,,,,,NUDT1,NDUFS3,,C2orf69,PLD1,,,,,,,,,,,NEURL1B,
,,,,CERS5,,,,,,TK2,CRLS1,,HYKK,ATP2C2,,,,,,,,,,,CLCN5,
,,,,TMBIM6,,,,,,PARK7,OTC,,ECHS1,ARFGEF1,,,,,,,,,,,CLCN4,
,,,,SEC24C,,,,,,ETFBKMT,NDUFB1,,ATP5F1D,ARFGEF2,,,,,,,,,,,CLCN3,
,,,,APOB,,,,,,PARP9,LDHB,,PRDX3,CBFA2T3,,,,,,,,,,,KCNQ1,
,,,,SGCG,,,,,,TFAP2C,NME6,,PRDX5,RAB11FIP3,,,,,,,,,,,TMEM108,
,,,,MMGT1,,,,,,EOLA1,ATP5MC2,,ALDH4A1,UBIAD1,,,,,,,,,,,AP1S1,
,,,,ATG2A,,,,,,MRPL41,PTCD3,,NDUFA9,COPG1,,,,,,,,,,,HFE,
,,,,VMA12,,,,,,MSRB3,BCS1L,,BCKDK,IER3IP1,,,,,,,,,,,PARM1,
,,,,PSENEN,,,,,,SIRT2,CCDC51,,TRAP1,HS3ST3A1,,,,,,,,,,,HPS6,
,,,,FMN2,,,,,,MYCBP,NDUFS7,,GFM2,HS3ST3B1,,,,,,,,,,,AP1S2,
,,,,IRGM,,,,,,SLC8B1,UQCRFS1,,IDH3A,HS3ST4,,,,,,,,,,,BLOC1S1,
,,,,TMEM50B,,,,,,RHOT1,COQ9,,TBRG4,RFNG,,,,,,,,,,,PLEKHA3,
,,,,CYP2U1,,,,,,RHOT2,MRPL53,,CA5A,TBC1D20,,,,,,,,,,,,
,,,,SGPP1,,,,,,DARS2,MRPS24,,IDH2,SLC30A7,,,,,,,,,,,,
,,,,TAPBPL,,,,,,SLC25A48,SQOR,,AMT,CHST13,,,,,,,,,,,,
,,,,PNPLA7,,,,,,MECR,COX11,,SDHAF3,LPCAT1,,,,,,,,,,,,
,,,,RHBDF2,,,,,,RAB5IF,NDUFB9,,NUDT2,CNIH1,,,,,,,,,,,,
,,,,MSMO1,,,,,,LRRC10,MICOS13,,CS,IL17RD,,,,,,,,,,,,
,,,,SSR4,,,,,,Q6ZSR3,ACOT9,,DHTKD1,APH1A,,,,,,,,,,,,
,,,,EMC4,,,,,,SLC25A23,TMEM11,,HSPD1,ATP6V0A2,,,,,,,,,,,,
,,,,SCD,,,,,,OXLD1,ABCB7,,CREB1,GALNT11,,,,,,,,,,,,
,,,,VPS13C,,,,,,ABHD6,COA8,,GRPEL2,PIKFYVE,,,,,,,,,,,,
,,,,CYP4A22,,,,,,HTATIP2,TAFAZZIN,,POLDIP2,SNAPIN,,,,,,,,,,,,
,,,,SCFD1,,,,,,MRPS14,PARL,,BCL2L1,ARF1,,,,,,,,,,,,
,,,,TMEM170A,,,,,,MSTO1,MRPL18,,PPA2,TNKS,,,,,,,,,,,,
,,,,ARMC10,,,,,,QDPR,MT-CO3,,GOT2,B3GALNT2,,,,,,,,,,,,
,,,,CYP2F1,,,,,,CHCHD7,MT-CO2,,RPUSD3,RASGRP1,,,,,,,,,,,,
,,,,COPA,,,,,,CMC4,DMAC1,,OXCT1,GJA1,,,,,,,,,,,,
,,,,COPB1,,,,,,PLA2G6,MRPL48,,AK4P3,SLC35A3,,,,,,,,,,,,
,,,,TBXAS1,,,,,,ANKRD37,PET100,,SUCLA2,GOSR1,,,,,,,,,,,,
,,,,SPTLC2,,,,,,ISCA1,SNCA,,PDP2,B3GALT5,,,,,,,,,,,,
,,,,SURF4,,,,,,ABCC9,SLC25A31,,BOLA3,SLC35C1,,,,,,,,,,,,
,,,,CYP26C1,,,,,,TMEM70,COX5B,,PDHA1,RXYLT1,,,,,,,,,,,,
,,,,USE1,,,,,,SRC,COX4I2,,CLPP,B3GNT3,,,,,,,,,,,,
,,,,ELOVL5,,,,,,MYL10,BOK,,PDP1,GALNT6,,,,,,,,,,,,
,,,,ERAP1,,,,,,SLC9A1,MRPL40,,MTERF4,CHST4,,,,,,,,,,,,
,,,,TECR,,,,,,DHRS4,CABS1,,DLD,RNF125,,,,,,,,,,,,
,,,,CYP39A1,,,,,,GK5,MTG2,,PDE12,B4GALT6,,,,,,,,,,,,
,,,,TLR7,,,,,,PDK3,SMDT1,,AGXT2,DOP1B,,,,,,,,,,,,
,,,,DST,,,,,,PDK2,TIMMDC1,,PC,TMED3,,,,,,,,,,,,
,,,,KCNK16,,,,,,PDK1,NDUFC2-KCTD14,,HIBADH,DIPK2A,,,,,,,,,,,,
,,,,MBOAT4,,,,,,UBC,CYP1A1,,LRRK2,GCNT3,,,,,,,,,,,,
,,,,CYP2S1,,,,,,UBB,MRPS10,,HSPA9,NDST3,,,,,,,,,,,,
,,,,CLN3,,,,,,MGARP,MRPS25,,ARL2,ENTPD6,,,,,,,,,,,,
,,,,RAB10,,,,,,ADHFE1,MRPS22,,NDUFS1,GOLT1B,,,,,,,,,,,,
,,,,PIP4K2B,,,,,,ATP5F1C,MRPL43,,ACADL,TMED7,,,,,,,,,,,,
,,,,PLA2G2A,,,,,,MRPS31,SLC25A29,,BCKDHB,PLA2G4A,,,,,,,,,,,,
,,,,SYVN1,,,,,,ALMS1,COX18,,PMPCA,HLA-C,,,,,,,,,,,,
,,,,STIMATE,,,,,,PNPT1,L2HGDH,,SDHB,ATP6V1D,,,,,,,,,,,,
,,,,A0A2R8YE69,,,,,,NDUFAB1,ATP5F1D,,DGLUCY,OPTN,,,,,,,,,,,,
,,,,STIM1,,,,,,SPATA33,NDUFA9,,SPATA18,B3GNT7,,,,,,,,,,,,
,,,,PKD2,,,,,,HSPB6,TRAP1,,NAXD,GCC1,,,,,,,,,,,,
,,,,TLR3,,,,,,COX7A2L,NDUFAF6,,TFAM,TRAPPC4,,,,,,,,,,,,
,,,,PLAAT3,,,,,,TRAFD1,NDUFB7,,OXA1L,ITM2B,,,,,,,,,,,,
,,,,RHBDD2,,,,,,SDHD,MT-ATP8,,NDUFAF7,ERGIC3,,,,,,,,,,,,
,,,,RAB9A,,,,,,BDH1,MT-ND6,,DBT,HS3ST2,,,,,,,,,,,,
,,,,PANX1,,,,,,CYP27A1,MT-ND5,,PDHB,ST3GAL6,,,,,,,,,,,,
,,,,HSD3B1,,,,,,FAM210A,MT-ND4,,MMAB,FUT9,,,,,,,,,,,,
,,,,UGT2A2,,,,,,DMPK,MT-ND4L,,FASTK,TRAF3IP3,,,,,,,,,,,,
,,,,UGT2A1,,,,,,CPT2,SLC25A11,,ACADSB,ENTPD4,,,,,,,,,,,,
,,,,SMIM14,,,,,,SPG7,MRPL23,,GLYAT,RNF24,,,,,,,,,,,,
,,,,TMEM38B,,,,,,ACAD9,CLU,,MRPL58,MGAT4C,,,,,,,,,,,,
,,,,ATL3,,,,,,VAMP1,PPOX,,A0AAG2SXN7,UXS1,,,,,,,,,,,,
,,,,DERL3,,,,,,PRKN,CYP24A1,,ACADM,RTN3,,,,,,,,,,,,
,,,,HACD1,,,,,,SH3BP5,PHB1,,PTPN1,CSPG5,,,,,,,,,,,,
,,,,KTN1,,,,,,TIMM8A,CPOX,,CLPX,B3GALT1,,,,,,,,,,,,
,,,,GPAT4,,,,,,AKR1B10,COQ10A,,TARS2,RAB6A,,,,,,,,,,,,
,,,,HSP90B1,,,,,,UQCRC2,SLC25A32,,PABPC5,VTI1A,,,,,,,,,,,,
,,,,CTAGE6,,,,,,ACSF3,CKMT2,,HMGCL,ZDHHC9,,,,,,,,,,,,
,,,,MTDH,,,,,,CYP27C1,HSPD1,,FAHD1,COG6,,,,,,,,,,,,
,,,,RINT1,,,,,,PNPO,ADCK1,,PCCB,SH3GLB1,,,,,,,,,,,,
,,,,CERS4,,,,,,NADK2,IFI6,,PCCA,NOSIP,,,,,,,,,,,,
,,,,RETSAT,,,,,,RPS6KB1,SLC25A39,,LIAS,CORO7,,,,,,,,,,,,
,,,,REEP3,,,,,,GCSH,GRPEL2,,FDX2,PI4KB,,,,,,,,,,,,
,,,,TAPBP,,,,,,UQCC4,COA3,,CYP11A1,COPG2,,,,,,,,,,,,
,,,,ADGRG6,,,,,,CHCHD2P9,SLC25A38,,LIPT2,TMEM87A,,,,,,,,,,,,
,,,,SCD5,,,,,,FASTKD3,SLC25A51,,SSBP1,PGAP3,,,,,,,,,,,,
,,,,CYP4F22,,,,,,SLC25A21,MICU1,,ANGEL2,PROS1,,,,,,,,,,,,
,,,,TUSC3,,,,,,ABHD18,BCL2L1,,METTL15,GALNTL6,,,,,,,,,,,,
,,,,TMED1,,,,,,FECH,CHCHD6,,TIMM44,RAP1GAP,,,,,,,,,,,,
,,,,OS9,,,,,,MGME1,UCP3,,MRPL12,MFNG,,,,,,,,,,,,
,,,,LRRC8E,,,,,,SULT4A1,OPA1,,FOXO3,CHST2,,,,,,,,,,,,
,,,,MYORG,,,,,,TATDN3,UCP2,,MMUT,LFNG,,,,,,,,,,,,
,,,,SELENON,,,,,,COX7A2P2,TMEM177,,MRPS15,USP32,,,,,,,,,,,,
,,,,FLRT1,,,,,,MRPL3,TIMM23B,,LACTB2,RHBDF1,,,,,,,,,,,,
,,,,FLRT3,,,,,,RARS2,CYC1,,ECI1,B3GALT4,,,,,,,,,,,,
,,,,RAB2A,,,,,,KIF1B,MRPL27,,SDHAF1,PSEN2,,,,,,,,,,,,
,,,,CYP3A7,,,,,,ANTKMT,MRPL36,,PYCR1,B3GNT4,,,,,,,,,,,,
,,,,SPCS3,,,,,,MRPL57,NDUFA13,,ATP5F1A,B3GNT6,,,,,,,,,,,,
,,,,DNAJB12,,,,,,CKMT1A,EFHD1,,RIDA,ZDHHC5,,,,,,,,,,,,
,,,,BET1,,,,,,FEN1,APOO,,SDHAF4,PSEN1,,,,,,,,,,,,
,,,,GRIN2B,,,,,,MAPKAP1,NDUFAF4,,ARL2BP,TMED10,,,,,,,,,,,,
,,,,DEGS1,,,,,,ECSIT,MRPL15,,PRODH,ST3GAL4,,,,,,,,,,,,
,,,,AGPAT2,,,,,,NIPSNAP1,COX15,,COQ5,ST3GAL3,,,,,,,,,,,,
,,,,SLC39A1,,,,,,MACROD1,IMMT,,ACAA2,ST3GAL1,,,,,,,,,,,,
,,,,TMEM86B,,,,,,ELAC2,UQCRC1,,GLUD2,CREB3,,,,,,,,,,,,
,,,,RNF186,,,,,,MRPL34,LRRK2,,LRPPRC,MR1,,,,,,,,,,,,
,,,,P4HTM,,,,,,NOS1,HSPA9,,ALDH7A1,FUT7,,,,,,,,,,,,
,,,,SMPD4,,,,,,NR4A1,NDUFS1,,CHPF,FUT5,,,,,,,,,,,,
,,,,ELOVL2,,,,,,LIG3,PMPCA,,CASQ1,AP1G1,,,,,,,,,,,,
,,,,CLCC1,,,,,,MTHFS,SDHB,,ETFB,CYTH3,,,,,,,,,,,,
,,,,CTAGE1,,,,,,SMCP,OXA1L,,DHX30,KDELR3,,,,,,,,,,,,
,,,,PIGS,,,,,,TRAK2,AQP8,,ACSM3,CHST1,,,,,,,,,,,,
,,,,UBA5,,,,,,SLMAP,SFXN5,,ATP5F1B,MAN2A2,,,,,,,,,,,,
,,,,STX5,,,,,,TOMM70,TIMM10,,DHFR2,VAMP4,,,,,,,,,,,,
,,,,KDELR1,,,,,,MTFR1,ENDOG,,HOGA1,CYTH4,,,,,,,,,,,,
,,,,PEDS1,,,,,,PHB2,MRPL58,,LYRM4,EXT1,,,,,,,,,,,,
,,,,EIF5A2,,,,,,TPPP,CLPX,,TP53,RAB33B,,,,,,,,,,,,
,,,,TMEM39B,,,,,,TDH,HIGD2A,,TP53AIP1,GALNT14,,,,,,,,,,,,
,,,,CLN6,,,,,,RALBP1,ATP5MGL,,TRMT10C,HLA-F,,,,,,,,,,,,
,,,,ELOVL4,,,,,,ERBB4,NDUFA6,,YWHAG,ST6GALNAC3,,,,,,,,,,,,
,,,,DERL2,,,,,,CLIC1,HADHB,,TYMS,ATP6V1H,,,,,,,,,,,,
,,,,MARCHF5,,,,,,ALDH1L2,FGR,,SUOX,CHST8,,,,,,,,,,,,
,,,,TMED4,,,,,,LONP1,COX8C,,PARG,SLC30A10,,,,,,,,,,,,
,,,,AGTRAP,,,,,,SLC25A16,MRPL33,,ARG2,GABARAP,,,,,,,,,,,,
,,,,PIGW,,,,,,PSMB6,CIBAR1,,BLOC1S1,SGCA,,,,,,,,,,,,
,,,,TM4SF20,,,,,,MICU2,CYP2E1,,HIBCH,SGCB,,,,,,,,,,,,
,,,,CD4,,,,,,CREB3L4,SLC25A5,,GRPEL1,PCSK7,,,,,,,,,,,,
,,,,FMO1,,,,,,SLC25A41,CYP11A1,,MYG1,EGFR,,,,,,,,,,,,
,,,,ORMDL1,,,,,,NSUN2,SFXN4,,NUDT13,DBNL,,,,,,,,,,,,
,,,,ABCG1,,,,,,S100A1,MRPS5,,MCCC2,SLC35B3,,,,,,,,,,,,
,,,,SMIM30,,,,,,MRPL50,MRPS35,,HSPE1,TMEM59L,,,,,,,,,,,,
,,,,SLC27A4,,,,,,ATPAF2,COQ4,,AUH,KIF13A,,,,,,,,,,,,
,,,,DAG1,,,,,,CISD2,ATP5F1EP2,,MRM3,UNC93B1,,,,,,,,,,,,
,,,,SCARB2,,,,,,SMIM20,ATP5MC1,,,XYLT2,,,,,,,,,,,,
,,,,HPD,,,,,,POLR1G,MPC2,,,ARL1,,,,,,,,,,,,
,,,,DUOXA2,,,,,,YKT6,TIMM44,,,MOSPD1,,,,,,,,,,,,
,,,,DUOXA1,,,,,,BIK,MRPL12,,,SLC39A13,,,,,,,,,,,,
,,,,LPCAT3,,,,,,OXR1,MTLN,,,ZDHHC12,,,,,,,,,,,,
,,,,G6PC1,,,,,,CBR4,CYCS,,,TPTE2,,,,,,,,,,,,
,,,,UGT1A5,,,,,,CHCHD4,MRPS9,,,LMAN2L,,,,,,,,,,,,
,,,,UGT1A3,,,,,,PTGR3,MRPS6,,,COP1,,,,,,,,,,,,
,,,,BSCL2,,,,,,HKDC1,MRPS34,,,B4GALNT2,,,,,,,,,,,,
,,,,ERAP2,,,,,,PINK1,MRPS21,,,PGAP2,,,,,,,,,,,,
,,,,REEP4,,,,,,ERCC6L2,MRPS15,,,SGMS2,,,,,,,,,,,,
,,,,CARD19,,,,,,BCL2L13,MRPS11,,,C1GALT1C1,,,,,,,,,,,,
,,,,MYRFL,,,,,,SLC25A2,KGD4,,,RAB36,,,,,,,,,,,,
,,,,SAMD8,,,,,,BBC3,UCP1,,,B4GALT7,,,,,,,,,,,,
,,,,STEEP1,,,,,,MMP2,DNAJC15,,,LARGE1,,,,,,,,,,,,
,,,,ARL6IP5,,,,,,MMP3,DUSP18,,,SNAP29,,,,,,,,,,,,
,,,,DHRS3,,,,,,IRGM,APP,,,CHST14,,,,,,,,,,,,
,,,,TLR8,,,,,,SLC25A30,NDUFS4,,,ATP6V0C,,,,,,,,,,,,
,,,,SOAT2,,,,,,SPHKAP,COX6A2,,,GNPNAT1,,,,,,,,,,,,
,,,,DGAT1,,,,,,RAB11FIP5,COX7C,,,SVIP,,,,,,,,,,,,
,,,,MMP23B,,,,,,CYP2U1,CYP11B1,,,SLC9A8,,,,,,,,,,,,
,,,,CYP26B1,,,,,,MRM1,NDUFB5,,,B3GNT9,,,,,,,,,,,,
,,,,G6PC2,,,,,,CAPRIN2,NDUFC1,,,YIPF6,,,,,,,,,,,,
,,,,SAR1A,,,,,,HINT2,ATP5F1A,,,FNDC3A,,,,,,,,,,,,
,,,,CYP8B1,,,,,,COX6C,PRODH,,,AP1M2,,,,,,,,,,,,
,,,,SFTPB,,,,,,SFXN3,COQ5,,,SLC30A1,,,,,,,,,,,,
,,,,PLAUR,,,,,,C1orf43,MRPL19,,,TNKS2,,,,,,,,,,,,
,,,,RNF121,,,,,,CRAT,NDUFA2,,,RAB21,,,,,,,,,,,,
,,,,EVA1A,,,,,,CHCHD10,NDUFB3,,,DSE,,,,,,,,,,,,
,,,,SLC35D1,,,,,,MIEF1,AGK,,,BLZF1,,,,,,,,,,,,
,,,,SACM1L,,,,,,FN3K,SLC25A52,,,GBP3,,,,,,,,,,,,
,,,,MAPK8IP1,,,,,,SDHA,NDUFA8,,,ST6GALNAC2,,,,,,,,,,,,
,,,,RDH12,,,,,,DNA2,TRMT10B,,,RAB41,,,,,,,,,,,,
,,,,UGT2B17,,,,,,PREPL,NDUFA11,,,SCOC,,,,,,,,,,,,
,,,,EMC7,,,,,,IDH3G,ATP5F1B,,,ZDHHC2,,,,,,,,,,,,
,,,,ATP6AP2,,,,,,ACACB,UQCRB,,,GLIPR2,,,,,,,,,,,,
,,,,RTN1,,,,,,NME4,DHFR2,,,ST6GALNAC4,,,,,,,,,,,,
,,,,RNF170,,,,,,VPS13C,MICU3,,,ZDHHC4,,,,,,,,,,,,
,,,,PIGU,,,,,,ATP5PO,NDUFAF3,,,CLSTN2,,,,,,,,,,,,
,,,,EMC10,,,,,,COQ7,MRPL47,,,RAB43,,,,,,,,,,,,
,,,,PNPLA8,,,,,,TFB1M,MRS2,,,GPSM1,,,,,,,,,,,,
,,,,PIGM,,,,,,CPS1,COA5,,,CAV2,,,,,,,,,,,,
,,,,ALG13,,,,,,SURF1,ATP5MC3,,,MARCHF9,,,,,,,,,,,,
,,,,RAB18,,,,,,FYN,SLC25A43,,,PCSK4,,,,,,,,,,,,
,,,,TMX3,,,,,,UQCC5,DMAC2L,,,HLA-DRB5,,,,,,,,,,,,
,,,,JPH4,,,,,,ARMC10,TMEM223,,,STX12,,,,,,,,,,,,
,,,,TMX1,,,,,,PLD6,COX6B2,,,CHST3,,,,,,,,,,,,
,,,,SEC16B,,,,,,KIF5B,TYMS,,,HS2ST1,,,,,,,,,,,,
,,,,NOTCH3,,,,,,RNASEL,SLC25A42,,,CHST15,,,,,,,,,,,,
,,,,TMCC3,,,,,,THEM5,TTC19,,,B4GALT1,,,,,,,,,,,,
,,,,GHITM,,,,,,ALKBH1,GRPEL1,,,TVP23C,,,,,,,,,,,,
,,,,CDK5RAP3,,,,,,IDE,LDHD,,,KDELR2,,,,,,,,,,,,
,,,,NDRG4,,,,,,DAP3,COX6B1,,,ZDHHC11,,,,,,,,,,,,
,,,,TMCO1,,,,,,FASTKD2,SLC25A53,,,GORASP2,,,,,,,,,,,,
,,,,DPAGT1,,,,,,SP140,SLC25A19,,,SEC16A,,,,,,,,,,,,
,,,,HLA-G,,,,,,THEM4,,,,ZDHHC22,,,,,,,,,,,,
,,,,SLC18A1,,,,,,ATP5PB,,,,AP1S3,,,,,,,,,,,,
,,,,SEC22A,,,,,,CAT,,,,CD59,,,,,,,,,,,,
,,,,TYRO3,,,,,,MRPS12,,,,GCNT1,,,,,,,,,,,,
,,,,FAXDC2,,,,,,KMO,,,,ABCB6,,,,,,,,,,,,
,,,,ABCC12,,,,,,CISD1,,,,LMAN2,,,,,,,,,,,,
,,,,ACSL5,,,,,,RMDN3,,,,SLC35B4,,,,,,,,,,,,
,,,,CYP2A13,,,,,,YME1L1,,,,MYMX,,,,,,,,,,,,
,,,,UPK3A,,,,,,MRPL39,,,,SREBF2,,,,,,,,,,,,
,,,,CYP1B1,,,,,,COA4,,,,SCAP,,,,,,,,,,,,
,,,,DOLK,,,,,,CDK5RAP1,,,,ADAM10,,,,,,,,,,,,
,,,,FLVCR2,,,,,,ADO,,,,TLR9,,,,,,,,,,,,
,,,,MBOAT7,,,,,,NMNAT3,,,,STX16,,,,,,,,,,,,
,,,,RNF145,,,,,,CEP89,,,,GOSR2,,,,,,,,,,,,
,,,,GABARAPL2,,,,,,KCNK16,,,,AP3D1,,,,,,,,,,,,
,,,,AGPAT3,,,,,,IMMP2L,,,,RAB12,,,,,,,,,,,,
,,,,AGPAT4,,,,,,SECISBP2,,,,YIF1A,,,,,,,,,,,,
,,,,ALG9,,,,,,SLC25A25,,,,RAB1B,,,,,,,,,,,,
,,,,SERINC1,,,,,,MRPL52,,,,HLA-DPA1,,,,,,,,,,,,
,,,,SGCZ,,,,,,RAB7A,,,,GAL3ST1,,,,,,,,,,,,
,,,,POMK,,,,,,PTS,,,,EXT2,,,,,,,,,,,,
,,,,SSR3,,,,,,ISCA2,,,,B3GALNT1,,,,,,,,,,,,
,,,,XBP1,,,,,,PLA2G2A,,,,CDC42,,,,,,,,,,,,
,,,,RTN4,,,,,,ATG4D,,,,HLA-DRB4,,,,,,,,,,,,
,,,,SC5D,,,,,,MTX1,,,,ERGIC1,,,,,,,,,,,,
,,,,ZMPSTE24,,,,,,SQSTM1,,,,ST6GALNAC6,,,,,,,,,,,,
,,,,CALR3,,,,,,PLAAT3,,,,TMBIM1,,,,,,,,,,,,
,,,,RAC3,,,,,,TNRC18,,,,PMEPA1,,,,,,,,,,,,
,,,,PPP1R15A,,,,,,GLRX5,,,,TMEM167A,,,,,,,,,,,,
,,,,CYP51A1,,,,,,SDHAF2,,,,NCSTN,,,,,,,,,,,,
,,,,ALG2,,,,,,NDUFB11,,,,INPP5E,,,,,,,,,,,,
,,,,SEC61A2,,,,,,TMEM160,,,,C1GALT1,,,,,,,,,,,,
,,,,SPTLC3,,,,,,HSD3B1,,,,DNM2,,,,,,,,,,,,
,,,,TMEM39A,,,,,,TMEM242,,,,SLC35A4,,,,,,,,,,,,
,,,,NOX5,,,,,,ARGLU1,,,,SEC22B,,,,,,,,,,,,
,,,,CHODL,,,,,,ACACA,,,,SYT4,,,,,,,,,,,,
,,,,ATP8B2,,,,,,MRPL28,,,,SLC35B1,,,,,,,,,,,,
,,,,ATP11A,,,,,,TSPO,,,,SLC35A1,,,,,,,,,,,,
,,,,CYP4F8,,,,,,COASY,,,,SLC35A2,,,,,,,,,,,,
,,,,AGPAT5,,,,,,TRIM32,,,,HAS3,,,,,,,,,,,,
,,,,DGAT2,,,,,,DMAC2,,,,RHOD,,,,,,,,,,,,
,,,,MOGAT1,,,,,,VPS35,,,,SLC30A5,,,,,,,,,,,,
,,,,MIA2,,,,,,MTPAP,,,,SCAMP5,,,,,,,,,,,,
,,,,ACER3,,,,,,MLLT11,,,,TMF1,,,,,,,,,,,,
,,,,LMBRD1,,,,,,ECH1,,,,TPST1,,,,,,,,,,,,
,,,,UGT2B15,,,,,,ARMC1,,,,B4GALT3,,,,,,,,,,,,
,,,,PTPN5,,,,,,MRPS18A,,,,B3GALT2,,,,,,,,,,,,
,,,,PIGV,,,,,,TEFM,,,,GNAI3,,,,,,,,,,,,
,,,,DDN,,,,,,ATAD3A,,,,PGAP4,,,,,,,,,,,,
,,,,AWAT1,,,,,,TMLHE,,,,STX18,,,,,,,,,,,,
,,,,PLPP6,,,,,,DNAJC11,,,,B3GAT1,,,,,,,,,,,,
,,,,PAFAH2,,,,,,EXD2,,,,HLA-DQB1,,,,,,,,,,,,
,,,,FMO3,,,,,,ALKBH3,,,,HLA-DQA1,,,,,,,,,,,,
,,,,FMO4,,,,,,UQCC1,,,,HLA-DQA2,,,,,,,,,,,,
,,,,HSPA5,,,,,,NLRX1,,,,HLA-DRA,,,,,,,,,,,,
,,,,SLC33A1,,,,,,NDUFAF2,,,,HS6ST1,,,,,,,,,,,,
,,,,WASL,,,,,,SUGCT,,,,GBP2,,,,,,,,,,,,
,,,,GJB1,,,,,,ACYP2,,,,SLC26A9,,,,,,,,,,,,
,,,,ESYT3,,,,,,PKM,,,,CHSY3,,,,,,,,,,,,
,,,,ESYT2,,,,,,SLC9B2,,,,B4GALNT1,,,,,,,,,,,,
,,,,DPY19L4,,,,,,TMEM135,,,,ATF6,,,,,,,,,,,,
,,,,TRPM8,,,,,,RSAD1,,,,MARCHF4,,,,,,,,,,,,
,,,,CKAP4,,,,,,ACSM5,,,,CHPF2,,,,,,,,,,,,
,,,,NOTCH1,,,,,,CARS2,,,,HLA-H,,,,,,,,,,,,
,,,,CYP19A1,,,,,,SLC25A24,,,,HLA-B,,,,,,,,,,,,
,,,,CYP2A6,,,,,,RAB32,,,,COPZ2,,,,,,,,,,,,
,,,,ERMP1,,,,,,GPAT2,,,,CRACR2A,,,,,,,,,,,,
,,,,BFAR,,,,,,CYP27B1,,,,PLCE1,,,,,,,,,,,,
,,,,EIF2AK3,,,,,,COX7A2,,,,MARCHF2,,,,,,,,,,,,
,,,,CAV1,,,,,,ABCE1,,,,VAPA,,,,,,,,,,,,
,,,,PLD1,,,,,,TOP3A,,,,FUT2,,,,,,,,,,,,
,,,,TMEM14A,,,,,,OAT,,,,APOO,,,,,,,,,,,,
,,,,MOGAT2,,,,,,BCAT2,,,,GPR108,,,,,,,,,,,,
,,,,IRAG1,,,,,,SOD2,,,,GOLGA7,,,,,,,,,,,,
,,,,TMCC2,,,,,,TUSC3,,,,LRRK2,,,,,,,,,,,,
,,,,SELENOK,,,,,,NR3C1,,,,ATP6V1A,,,,,,,,,,,,
,,,,SPCS1,,,,,,SELENON,,,,GALNT1,,,,,,,,,,,,
,,,,CYP46A1,,,,,,NNT,,,,GALNT2,,,,,,,,,,,,
,,,,POMT1,,,,,,MRPL49,,,,MGAT2,,,,,,,,,,,,
,,,,UBIAD1,,,,,,DHRS2,,,,TRIM23,,,,,,,,,,,,
,,,,PEX16,,,,,,TRIM24,,,,PDGFB,,,,,,,,,,,,
,,,,CLIC4,,,,,,NME3,,,,DENND5A,,,,,,,,,,,,
,,,,AUP1,,,,,,GPS2,,,,CD55,,,,,,,,,,,,
,,,,COPG1,,,,,,DEGS1,,,,RHO,,,,,,,,,,,,
,,,,ALG5,,,,,,TRMT1,,,,GRINA,,,,,,,,,,,,
,,,,ALG6,,,,,,TEX10,,,,TMC6,,,,,,,,,,,,
,,,,IER3IP1,,,,,,IFT140,,,,LYSMD3,,,,,,,,,,,,
,,,,INSIG2,,,,,,NCBP2AS2,,,,ATG9A,,,,,,,,,,,,
,,,,LDAF1,,,,,,SIRT5,,,,TMEM59,,,,,,,,,,,,
,,,,TBC1D20,,,,,,TWNK,,,,ZDHHC21,,,,,,,,,,,,
,,,,PLD4,,,,,,MFF,,,,LPCAT2,,,,,,,,,,,,
,,,,SARAF,,,,,,MCCC1,,,,IFNGR2,,,,,,,,,,,,
,,,,ATG2B,,,,,,COA1,,,,GALNT17,,,,,,,,,,,,
,,,,SEC24B,,,,,,GFM1,,,,SPPL2B,,,,,,,,,,,,
,,,,SEC24A,,,,,,PRORP,,,,SLC2A1,,,,,,,,,,,,
,,,,ABCA1,,,,,,SNPH,,,,MGAT5B,,,,,,,,,,,,
,,,,CTDNEP1,,,,,,TARDBP,,,,RRAS2,,,,,,,,,,,,
,,,,LPCAT1,,,,,,SYBU,,,,FTCD,,,,,,,,,,,,
,,,,PDZD8,,,,,,NIF3L1,,,,ATP7B,,,,,,,,,,,,
,,,,PIGN,,,,,,CCDC90B,,,,BSG,,,,,,,,,,,,
,,,,BCL2,,,,,,SLIRP,,,,COPB2,,,,,,,,,,,,
,,,,STARD3NL,,,,,,CHCHD3,,,,KRAS,,,,,,,,,,,,
,,,,CNIH1,,,,,,COX7B,,,,HRAS,,,,,,,,,,,,
,,,,APH1A,,,,,,COX7A1,,,,HID1,,,,,,,,,,,,
,,,,HMOX2,,,,,,MAP1LC3B,,,,ARF4,,,,,,,,,,,,
,,,,TMPRSS3,,,,,,RMND1,,,,PITPNB,,,,,,,,,,,,
,,,,CYB5R3,,,,,,MARCHF5,,,,RIC3,,,,,,,,,,,,
,,,,RHOG,,,,,,OCIAD1,,,,IFT27,,,,,,,,,,,,
,,,,VAPB,,,,,,AMBP,,,,CAV3,,,,,,,,,,,,
,,,,DNAJC16,,,,,,SLC25A26,,,,IGF2R,,,,,,,,,,,,
,,,,POFUT2,,,,,,CMC1,,,,STX6,,,,,,,,,,,,
,,,,MYRF,,,,,,MRPL10,,,,GALNT3,,,,,,,,,,,,
,,,,B3GALNT2,,,,,,MRPL55,,,,FUT10,,,,,,,,,,,,
,,,,RASGRP1,,,,,,ARHGAP11B,,,,FOLR1,,,,,,,,,,,,
,,,,GJA1,,,,,,SLC25A35,,,,HHAT,,,,,,,,,,,,
,,,,ERLIN1,,,,,,TOMM7,,,,DHH,,,,,,,,,,,,
,,,,SBF1,,,,,,NOL3,,,,FAM20B,,,,,,,,,,,,
,,,,CCDC47,,,,,,HUWE1,,,,RAB1A,,,,,,,,,,,,
,,,,LRAT,,,,,,TMEM14C,,,,STEAP4,,,,,,,,,,,,
,,,,PIGL,,,,,,COX16,,,,UST,,,,,,,,,,,,
,,,,ATL2,,,,,,MTRES1,,,,NDST2,,,,,,,,,,,,
,,,,STBD1,,,,,,ATP5MJ,,,,NDST1,,,,,,,,,,,,
,,,,RICTOR,,,,,,ABCG1,,,,SGCE,,,,,,,,,,,,
,,,,CLN8,,,,,,SMIM30,,,,CHST10,,,,,,,,,,,,
,,,,GRIP1,,,,,,DELE1,,,,B4GAT1,,,,,,,,,,,,
,,,,CREB3L1,,,,,,MRPL14,,,,FUT4,,,,,,,,,,,,
,,,,TMED3,,,,,,TRIM14,,,,OSBP,,,,,,,,,,,,
,,,,PCYT1B,,,,,,MPST,,,,SSPN,,,,,,,,,,,,
,,,,SRI,,,,,,CMPK2,,,,MBTPS1,,,,,,,,,,,,
,,,,CERT1,,,,,,PCK1,,,,MGAT4D,,,,,,,,,,,,
,,,,RTCB,,,,,,GCK,,,,KPNA2,,,,,,,,,,,,
,,,,MPDU1,,,,,,BRAF,,,,HLA-DRB3,,,,,,,,,,,,
,,,,SLCO1B3-SLCO1B7,,,,,,ACOT2,,,,STEAP2,,,,,,,,,,,,
,,,,ULK1,,,,,,FDXR,,,,RAB11A,,,,,,,,,,,,
,,,,SLC43A1,,,,,,MRPL54,,,,IHH,,,,,,,,,,,,
,,,,EMC9,,,,,,CALM3,,,,ZDHHC20,,,,,,,,,,,,
,,,,TMED7,,,,,,ABCB10,,,,SCARA3,,,,,,,,,,,,
,,,,TMEM129,,,,,,DISC1,,,,RAB39A,,,,,,,,,,,,
,,,,SRPRB,,,,,,SDR39U1,,,,MYMK,,,,,,,,,,,,
,,,,PLA2G4A,,,,,,PTRHD1,,,,NRAS,,,,,,,,,,,,
,,,,ENTPD2,,,,,,RMDN2,,,,ST8SIA3,,,,,,,,,,,,
,,,,HLA-C,,,,,,PPP3R2,,,,GALNT18,,,,,,,,,,,,
,,,,FAAH,,,,,,CTPS2,,,,PJA2,,,,,,,,,,,,
,,,,NOMO2,,,,,,CARD19,,,,CD1E,,,,,,,,,,,,
,,,,ACSL3,,,,,,PRIMPOL,,,,SLC10A7,,,,,,,,,,,,
,,,,SPTSSB,,,,,,IMMP1L,,,,TVP23A,,,,,,,,,,,,
,,,,MX1,,,,,,SPHK2,,,,HLA-DQB2,,,,,,,,,,,,
,,,,TOR1AIP2,,,,,,FOXO1,,,,ST6GAL1,,,,,,,,,,,,
,,,,RNF183,,,,,,ATP5MG,,,,MTOR,,,,,,,,,,,,
,,,,GRAMD1A,,,,,,ATP5PD,,,,COG2,,,,,,,,,,,,
,,,,CDS2,,,,,,BBOX1,,,,LMAN1,,,,,,,,,,,,
,,,,PIGY,,,,,,OAS1,,,,RNASEK,,,,,,,,,,,,
,,,,SEL1L,,,,,,STARD7,,,,PDGFA,,,,,,,,,,,,
,,,,ERGIC3,,,,,,ASS1,,,,ACER2,,,,,,,,,,,,
,,,,GABBR1,,,,,,DNAJC30,,,,MBTPS2,,,,,,,,,,,,
,,,,DNAJB9,,,,,,NSUN3,,,,FKTN,,,,,,,,,,,,
,,,,NAT8,,,,,,ASAH2,,,,B4GALT5,,,,,,,,,,,,
,,,,RCE1,,,,,,TFB2M,,,,NOTCH2,,,,,,,,,,,,
,,,,EXTL2,,,,,,DDX21,,,,GOLGB1,,,,,,,,,,,,
,,,,SPAST,,,,,,QTRT2,,,,MANEAL,,,,,,,,,,,,
,,,,DHCR7,,,,,,XAF1,,,,ARRB1,,,,,,,,,,,,
,,,,PEMT,,,,,,FH,,,,ARHGAP32,,,,,,,,,,,,
,,,,PLPP7,,,,,,SLC25A22,,,,GBP1,,,,,,,,,,,,
,,,,RTN3,,,,,,MTHFD2L,,,,TRAPPC3,,,,,,,,,,,,
,,,,CSPG5,,,,,,UQCRH,,,,GOLIM4,,,,,,,,,,,,
,,,,TMED5,,,,,,LYRM2,,,,MTCL2,,,,,,,,,,,,
,,,,RAB6A,,,,,,HSP90AA1,,,,PRKCI,,,,,,,,,,,,
,,,,CHRM3,,,,,,COQ10B,,,,CLSTN1,,,,,,,,,,,,
,,,,VTI1A,,,,,,PAAT,,,,ARCN1,,,,,,,,,,,,
,,,,TMEM98,,,,,,LETM1,,,,FUT3,,,,,,,,,,,,
,,,,SAR1B,,,,,,DEPP1,,,,ICA1,,,,,,,,,,,,
,,,,ZDHHC9,,,,,,CAMK2A,,,,ZDHHC23,,,,,,,,,,,,
,,,,UBE2J1,,,,,,SIRT3,,,,CHPF,,,,,,,,,,,,
,,,,TEX264,,,,,,SOX4,,,,HACE1,,,,,,,,,,,,
,,,,RFT1,,,,,,MAPK8IP1,,,,COG1,,,,,,,,,,,,
,,,,FDFT1,,,,,,PTGES2,,,,BCAP31,,,,,,,,,,,,
,,,,CYP3A5,,,,,,KAT8,,,,ATG9B,,,,,,,,,,,,
,,,,COPG2,,,,,,AIFM3,,,,ATL1,,,,,,,,,,,,
,,,,RETREG2,,,,,,NT5DC2,,,,B2M,,,,,,,,,,,,
,,,,AQP11,,,,,,ZNF703,,,,CUX1,,,,,,,,,,,,
,,,,UBAC2,,,,,,LDHC,,,,GOPC,,,,,,,,,,,,
,,,,PGAP3,,,,,,METTL8,,,,GALNT9,,,,,,,,,,,,
,,,,XXYLT1,,,,,,AGTPBP1,,,,CLCN5,,,,,,,,,,,,
,,,,RNF144A,,,,,,TRAK1,,,,CLCN3,,,,,,,,,,,,
,,,,PROS1,,,,,,HSH2D,,,,RHOU,,,,,,,,,,,,
,,,,LRBA,,,,,,OSGEPL1,,,,AP1S1,,,,,,,,,,,,
,,,,SLC27A3,,,,,,NGRN,,,,C6orf89,,,,,,,,,,,,
,,,,HSD17B2,,,,,,GOLPH3,,,,COPZ1,,,,,,,,,,,,
,,,,HSD17B3,,,,,,KCNK9,,,,PARM1,,,,,,,,,,,,
,,,,SIK2,,,,,,NT5M,,,,TEX261,,,,,,,,,,,,
,,,,VTI1B,,,,,,ENY2,,,,GASK1B,,,,,,,,,,,,
,,,,FREY1,,,,,,DNAJC5,,,,AP1S2,,,,,,,,,,,,
,,,,RHBDF1,,,,,,SLC22A3,,,,NIPAL1,,,,,,,,,,,,
,,,,TBL2,,,,,,PPDPF,,,,RND3,,,,,,,,,,,,
,,,,CYB5A,,,,,,SLC25A12,,,,LMAN1L,,,,,,,,,,,,
,,,,XK,,,,,,ME3,,,,HLA-DPB1,,,,,,,,,,,,
,,,,VAMP7,,,,,,HAGH,,,,HLA-A,,,,,,,,,,,,
,,,,GPAT3,,,,,,NEURL4,,,,PLEKHA3,,,,,,,,,,,,
,,,,CYP7A1,,,,,,KYAT1,,,,STING1,,,,,,,,,,,,
,,,,DIO1,,,,,,TST,,,,CHSY1,,,,,,,,,,,,
,,,,PSEN2,,,,,,MRPS30,,,,PANX2,,,,,,,,,,,,
,,,,CERS6,,,,,,SARS2,,,,GBA2,,,,,,,,,,,,
,,,,LNPK,,,,,,PNPLA8,,,,ST8SIA6,,,,,,,,,,,,
,,,,SELENOI,,,,,,PYCARD,,,,SGMS1,,,,,,,,,,,,
,,,,PSEN1,,,,,,STAP1,,,,TMBIM4,,,,,,,,,,,,
,,,,TMED10,,,,,,KYNU,,,,OTOF,,,,,,,,,,,,
,,,,OST4,,,,,,NDUFA5,,,,,,,,,,,,,,,,
,,,,CREB3,,,,,,ACBD3,,,,,,,,,,,,,,,,
,,,,AHCYL1,,,,,,TMX1,,,,,,,,,,,,,,,,
,,,,CALU,,,,,,MMADHC,,,,,,,,,,,,,,,,
,,,,SLC37A4,,,,,,PPM1H,,,,,,,,,,,,,,,,
,,,,GRAMD4,,,,,,GHITM,,,,,,,,,,,,,,,,
,,,,MR1,,,,,,MTRFR,,,,,,,,,,,,,,,,
,,,,PCYT1A,,,,,,HAP1,,,,,,,,,,,,,,,,
,,,,UGT1A4,,,,,,TMCO1,,,,,,,,,,,,,,,,
,,,,UGT1A1,,,,,,ACAD11,,,,,,,,,,,,,,,,
,,,,ERGIC2,,,,,,TRIT1,,,,,,,,,,,,,,,,
,,,,MINAR2,,,,,,ATP5MK,,,,,,,,,,,,,,,,
,,,,KDELR3,,,,,,NDUFS8,,,,,,,,,,,,,,,,
,,,,CYP17A1,,,,,,POU5F1B,,,,,,,,,,,,,,,,
,,,,SFTA3,,,,,,PRKACA,,,,,,,,,,,,,,,,
,,,,ABCC6,,,,,,MTUS1,,,,,,,,,,,,,,,,
,,,,CASP4,,,,,,OGDHL,,,,,,,,,,,,,,,,
,,,,EPM2A,,,,,,ZDHHC8,,,,,,,,,,,,,,,,
,,,,ALOX5AP,,,,,,ACSL5,,,,,,,,,,,,,,,,
,,,,FADS2,,,,,,HPDL,,,,,,,,,,,,,,,,
,,,,MRAP2,,,,,,TRMU,,,,,,,,,,,,,,,,
,,,,CERS2,,,,,,DECR1,,,,,,,,,,,,,,,,
,,,,PDCD6,,,,,,IFI27L2,,,,,,,,,,,,,,,,
,,,,EXT1,,,,,,MRPL46,,,,,,,,,,,,,,,,
,,,,CYP2A7,,,,,,ITCH,,,,,,,,,,,,,,,,
,,,,EPHX1,,,,,,CYP1B1,,,,,,,,,,,,,,,,
,,,,UGT2B11,,,,,,MPV17L,,,,,,,,,,,,,,,,
,,,,TMEM178A,,,,,,ERAL1,,,,,,,,,,,,,,,,
,,,,CYP2B6,,,,,,SPATA20,,,,,,,,,,,,,,,,
,,,,CERS1,,,,,,BCAT1,,,,,,,,,,,,,,,,
,,,,PIGA,,,,,,SFXN2,,,,,,,,,,,,,,,,
,,,,ERLN,,,,,,METTL17,,,,,,,,,,,,,,,,
,,,,CYB5R1,,,,,,WDR26,,,,,,,,,,,,,,,,
,,,,BCAP29,,,,,,GDAP1L1,,,,,,,,,,,,,,,,
,,,,SLC27A6,,,,,,FLVCR2,,,,,,,,,,,,,,,,
,,,,REEP6,,,,,,IARS2,,,,,,,,,,,,,,,,
,,,,PYURF,,,,,,GATD3,,,,,,,,,,,,,,,,
,,,,CALR,,,,,,PRELID3A,,,,,,,,,,,,,,,,
,,,,DCSTAMP,,,,,,TRMT5,,,,,,,,,,,,,,,,
,,,,DNAJC25,,,,,,DCTPP1,,,,,,,,,,,,,,,,
,,,,SGCA,,,,,,PLSCR3,,,,,,,,,,,,,,,,
,,,,SGCB,,,,,,NDUFA4L2,,,,,,,,,,,,,,,,
,,,,EGFR,,,,,,MRPL17,,,,,,,,,,,,,,,,
,,,,PORCN,,,,,,HEBP1,,,,,,,,,,,,,,,,
,,,,RPE65,,,,,,NOL6,,,,,,,,,,,,,,,,
,,,,SLC35B3,,,,,,ACSS3,,,,,,,,,,,,,,,,
,,,,POM121,,,,,,TOMM22,,,,,,,,,,,,,,,,
,,,,TMX4,,,,,,PPM1M,,,,,,,,,,,,,,,,
,,,,UNC93B1,,,,,,PFDN4,,,,,,,,,,,,,,,,
,,,,MOSPD1,,,,,,ABCG2,,,,,,,,,,,,,,,,
,,,,CH25H,,,,,,PGS1,,,,,,,,,,,,,,,,
,,,,SLC39A13,,,,,,XPNPEP3,,,,,,,,,,,,,,,,
,,,,ERN1,,,,,,MAP2K2,,,,,,,,,,,,,,,,
,,,,ZDHHC12,,,,,,HINT3,,,,,,,,,,,,,,,,
,,,,RDH16,,,,,,RAD51,,,,,,,,,,,,,,,,
,,,,OSBPL5,,,,,,STUB1,,,,,,,,,,,,,,,,
,,,,TPTE2,,,,,,TUSC2,,,,,,,,,,,,,,,,
,,,,LMAN2L,,,,,,ALDH1L1,,,,,,,,,,,,,,,,
,,,,PGAP2,,,,,,SCO1,,,,,,,,,,,,,,,,
,,,,SGMS2,,,,,,GATB,,,,,,,,,,,,,,,,
,,,,NAT8B,,,,,,IDH1,,,,,,,,,,,,,,,,
,,,,RTN2,,,,,,FAM210B,,,,,,,,,,,,,,,,
,,,,CIDEB,,,,,,ARHGAP26,,,,,,,,,,,,,,,,
,,,,MCFD2,,,,,,TXNRD1,,,,,,,,,,,,,,,,
,,,,MOSPD2,,,,,,HEATR1,,,,,,,,,,,,,,,,
,,,,MIA3,,,,,,PPP1R15A,,,,,,,,,,,,,,,,
,,,,ALG14,,,,,,MT-ATP6,,,,,,,,,,,,,,,,
,,,,SLC16A11,,,,,,DGUOK,,,,,,,,,,,,,,,,
,,,,TMEM116,,,,,,TIGAR,,,,,,,,,,,,,,,,
,,,,SVIP,,,,,,TRNT1,,,,,,,,,,,,,,,,
,,,,SERP1,,,,,,NDFIP2,,,,,,,,,,,,,,,,
,,,,CACFD1,,,,,,DHODH,,,,,,,,,,,,,,,,
,,,,SEC63,,,,,,ABCB8,,,,,,,,,,,,,,,,
,,,,SLC30A1,,,,,,AGPAT5,,,,,,,,,,,,,,,,
,,,,CEPT1,,,,,,MCEE,,,,,,,,,,,,,,,,
,,,,USP17L2,,,,,,ALDH18A1,,,,,,,,,,,,,,,,
,,,,MLANA,,,,,,DGAT2,,,,,,,,,,,,,,,,
,,,,DPM2,,,,,,KANSL2,,,,,,,,,,,,,,,,
,,,,PTGIS,,,,,,HMGCS2,,,,,,,,,,,,,,,,
,,,,POMT2,,,,,,MRPL44,,,,,,,,,,,,,,,,
,,,,AMFR,,,,,,SLC39A9,,,,,,,,,,,,,,,,
,,,,ERG28,,,,,,DDX28,,,,,,,,,,,,,,,,
,,,,RAB21,,,,,,ABHD10,,,,,,,,,,,,,,,,
,,,,DSE,,,,,,AK2,,,,,,,,,,,,,,,,
,,,,MAN1B1,,,,,,SFXN1,,,,,,,,,,,,,,,,
,,,,HSD3B7,,,,,,ACSS1,,,,,,,,,,,,,,,,
,,,,MAGT1,,,,,,NLRP3,,,,,,,,,,,,,,,,
,,,,PON1,,,,,,ACO1,,,,,,,,,,,,,,,,
,,,,RNF185,,,,,,MAOA,,,,,,,,,,,,,,,,
,,,,ATP11C,,,,,,PSMB4,,,,,,,,,,,,,,,,
,,,,HACD2,,,,,,RTL10,,,,,,,,,,,,,,,,
,,,,VMP1,,,,,,GCLC,,,,,,,,,,,,,,,,
,,,,CYP2D6,,,,,,PARS2,,,,,,,,,,,,,,,,
,,,,CYP2C8,,,,,,OCIAD2,,,,,,,,,,,,,,,,
,,,,MGST1,,,,,,ESR2,,,,,,,,,,,,,,,,
,,,,ZDHHC2,,,,,,A0AAG2SUK6,,,,,,,,,,,,,,,,
,,,,KDSR,,,,,,LYRM9,,,,,,,,,,,,,,,,
,,,,BOK,,,,,,HSPA5,,,,,,,,,,,,,,,,
,,,,SPINK5,,,,,,POLRMT,,,,,,,,,,,,,,,,
,,,,PHTF1,,,,,,MRPL21,,,,,,,,,,,,,,,,
,,,,OSBPL3,,,,,,MTHFD1,,,,,,,,,,,,,,,,
,,,,DNAJC1,,,,,,FASTKD5,,,,,,,,,,,,,,,,
,,,,CLPTM1L,,,,,,CKAP4,,,,,,,,,,,,,,,,
,,,,NOX4,,,,,,SLC25A3,,,,,,,,,,,,,,,,
,,,,ZDHHC4,,,,,,C1QBP,,,,,,,,,,,,,,,,
,,,,CLSTN2,,,,,,CDK18,,,,,,,,,,,,,,,,
,,,,RAB43,,,,,,VDAC1,,,,,,,,,,,,,,,,
,,,,ALDH3A2,,,,,,USP30,,,,,,,,,,,,,,,,
,,,,GPSM1,,,,,,SIVA1,,,,,,,,,,,,,,,,
,,,,ANTXR2,,,,,,SHMT2,,,,,,,,,,,,,,,,
,,,,DOLPP1,,,,,,SHMT1,,,,,,,,,,,,,,,,
,,,,MOXD1,,,,,,TRIM27,,,,,,,,,,,,,,,,
,,,,NRROS,,,,,,MTCH1,,,,,,,,,,,,,,,,
,,,,HLA-DRB5,,,,,,COQ3,,,,,,,,,,,,,,,,
,,,,ERO1B,,,,,,EIF2AK3,,,,,,,,,,,,,,,,
,,,,CYP1A1,,,,,,SACS,,,,,,,,,,,,,,,,
,,,,DAD1,,,,,,MRPL35,,,,,,,,,,,,,,,,
,,,,FKBP8,,,,,,WWOX,,,,,,,,,,,,,,,,
,,,,DTNBP1,,,,,,MOCS1,,,,,,,,,,,,,,,,
,,,,CYBA,,,,,,CLIC5,,,,,,,,,,,,,,,,
,,,,KDELR2,,,,,,MRPL38,,,,,,,,,,,,,,,,
,,,,REEP1,,,,,,MRPL42,,,,,,,,,,,,,,,,
,,,,SRD5A3,,,,,,NOS1AP,,,,,,,,,,,,,,,,
,,,,ZDHHC11,,,,,,TMEM14A,,,,,,,,,,,,,,,,
,,,,GDPD1,,,,,,SLC25A46,,,,,,,,,,,,,,,,
,,,,GORASP2,,,,,,SIRT4,,,,,,,,,,,,,,,,
,,,,NAT8L,,,,,,OMA1,,,,,,,,,,,,,,,,
,,,,SEC16A,,,,,,LGALS12,,,,,,,,,,,,,,,,
,,,,NECAB3,,,,,,NDUFAF1,,,,,,,,,,,,,,,,
,,,,ABCD1,,,,,,MTRF1L,,,,,,,,,,,,,,,,
,,,,ANKS4B,,,,,,RAB11FIP3,,,,,,,,,,,,,,,,
,,,,ZDHHC22,,,,,,CLUH,,,,,,,,,,,,,,,,
,,,,OTULINL,,,,,,MTERF3,,,,,,,,,,,,,,,,
,,,,YIPF7,,,,,,HIP1R,,,,,,,,,,,,,,,,
,,,,TESPA1,,,,,,CPNE3,,,,,,,,,,,,,,,,
,,,,DEGS2,,,,,,PTCD1,,,,,,,,,,,,,,,,
,,,,CD59,,,,,,MPV17L2,,,,,,,,,,,,,,,,
,,,,ANO5,,,,,,MAPK3,,,,,,,,,,,,,,,,
,,,,ABCB6,,,,,,UBIAD1,,,,,,,,,,,,,,,,
,,,,BNIP3,,,,,,HEBP2,,,,,,,,,,,,,,,,
,,,,BNIP1,,,,,,MCUR1,,,,,,,,,,,,,,,,
,,,,ABCB9,,,,,,FLVCR1,,,,,,,,,,,,,,,,
,,,,MGST3,,,,,,NFS1,,,,,,,,,,,,,,,,
,,,,DLG1,,,,,,CLIC4,,,,,,,,,,,,,,,,
,,,,IRAG2,,,,,,MRPS23,,,,,,,,,,,,,,,,
,,,,LMAN2,,,,,,MRPS18B,,,,,,,,,,,,,,,,
,,,,RASGRF2,,,,,,PISD,,,,,,,,,,,,,,,,
,,,,TMEM203,,,,,,EOLA2,,,,,,,,,,,,,,,,
,,,,SLC35B4,,,,,,MPC1,,,,,,,,,,,,,,,,
,,,,MYMX,,,,,,ECHDC3,,,,,,,,,,,,,,,,
,,,,ASPH,,,,,,CHDH,,,,,,,,,,,,,,,,
,,,,SREBF2,,,,,,RMDN1,,,,,,,,,,,,,,,,
,,,,SCAP,,,,,,HEMK1,,,,,,,,,,,,,,,,
,,,,TMEM94,,,,,,DNAJC19,,,,,,,,,,,,,,,,
,,,,PTGES,,,,,,HYOU1,,,,,,,,,,,,,,,,
,,,,EI24,,,,,,SLC30A7,,,,,,,,,,,,,,,,
,,,,PIGT,,,,,,MOAP1,,,,,,,,,,,,,,,,
,,,,ABCD4,,,,,,BLOC1S2,,,,,,,,,,,,,,,,
,,,,TLR9,,,,,,ZMIZ2,,,,,,,,,,,,,,,,
,,,,YIPF5,,,,,,TAMM41,,,,,,,,,,,,,,,,
,,,,TOR1A,,,,,,DCPS,,,,,,,,,,,,,,,,
,,,,GOSR2,,,,,,COX5A,,,,,,,,,,,,,,,,
,,,,FATE1,,,,,,USP15,,,,,,,,,,,,,,,,
,,,,DPY19L1,,,,,,AFG3L2,,,,,,,,,,,,,,,,
,,,,TUNAR,,,,,,PYCR2,,,,,,,,,,,,,,,,
,,,,C8orf17,,,,,,COA7,,,,,,,,,,,,,,,,
,,,,SEC61B,,,,,,PDZD8,,,,,,,,,,,,,,,,
,,,,POMGNT2,,,,,,CCDC127,,,,,,,,,,,,,,,,
,,,,YIF1A,,,,,,ACAD10,,,,,,,,,,,,,,,,
,,,,KCNK2,,,,,,BCL2,,,,,,,,,,,,,,,,
,,,,ANXA7,,,,,,HADHA,,,,,,,,,,,,,,,,
,,,,RAB1B,,,,,,MIEF2,,,,,,,,,,,,,,,,
,,,,HLA-DPA1,,,,,,FAM136A,,,,,,,,,,,,,,,,
,,,,B3GLCT,,,,,,MDH2,,,,,,,,,,,,,,,,
,,,,CANX,,,,,,NGDN,,,,,,,,,,,,,,,,
,,,,CYP4A11,,,,,,PINX1,,,,,,,,,,,,,,,,
,,,,ATP2A3,,,,,,AK4,,,,,,,,,,,,,,,,
,,,,PNLDC1,,,,,,SLC25A36,,,,,,,,,,,,,,,,
,,,,EXT2,,,,,,MTFP1,,,,,,,,,,,,,,,,
,,,,ERO1A,,,,,,UQCR10,,,,,,,,,,,,,,,,
,,,,MFSD2A,,,,,,STOM,,,,,,,,,,,,,,,,
,,,,CDC42,,,,,,NACC2,,,,,,,,,,,,,,,,
,,,,TMEM33,,,,,,RAB38,,,,,,,,,,,,,,,,
,,,,SLC37A1,,,,,,NAXE,,,,,,,,,,,,,,,,
,,,,PIGP,,,,,,CYB5R3,,,,,,,,,,,,,,,,
,,,,HLA-DRB4,,,,,,NDUFC2,,,,,,,,,,,,,,,,
,,,,ERGIC1,,,,,,MFI,,,,,,,,,,,,,,,,
,,,,ZDHHC16,,,,,,GJA1,,,,,,,,,,,,,,,,
,,,,SPTSSA,,,,,,SLC25A28,,,,,,,,,,,,,,,,
,,,,NCLN,,,,,,CA5B,,,,,,,,,,,,,,,,
,,,,SFTPD,,,,,,MRPL24,,,,,,,,,,,,,,,,
,,,,TMEM119,,,,,,EXOG,,,,,,,,,,,,,,,,
,,,,NCSTN,,,,,,PDPR,,,,,,,,,,,,,,,,
,,,,TMEM68,,,,,,FAM162A,,,,,,,,,,,,,,,,
,,,,JSRP1,,,,,,S1PR4,,,,,,,,,,,,,,,,
,,,,UBQLN4,,,,,,ZNF205,,,,,,,,,,,,,,,,
,,,,PLA2G4C,,,,,,APEX2,,,,,,,,,,,,,,,,
,,,,OSTC,,,,,,CLN8,,,,,,,,,,,,,,,,
,,,,RETREG1,,,,,,SLC25A10,,,,,,,,,,,,,,,,
,,,,SEC22B,,,,,,AASS,,,,,,,,,,,,,,,,
,,,,ARV1,,,,,,COX8A,,,,,,,,,,,,,,,,
,,,,DDRGK1,,,,,,TIMM8B,,,,,,,,,,,,,,,,
,,,,INSIG1,,,,,,STARD13,,,,,,,,,,,,,,,,
,,,,SLC35B1,,,,,,MCU,,,,,,,,,,,,,,,,
,,,,SLC35A2,,,,,,ETFDH,,,,,,,,,,,,,,,,
,,,,PLCD4,,,,,,CERT1,,,,,,,,,,,,,,,,
,,,,PIGQ,,,,,,FAM72A,,,,,,,,,,,,,,,,
,,,,PDGFRA,,,,,,FDX1,,,,,,,,,,,,,,,,
,,,,GRAMD1C,,,,,,NIPSNAP2,,,,,,,,,,,,,,,,
,,,,IFI6,,,,,,FBXO7,,,,,,,,,,,,,,,,
,,,,SLC30A5,,,,,,CCN6,,,,,,,,,,,,,,,,
,,,,PML,,,,,,TMEM186,,,,,,,,,,,,,,,,
,,,,DHRS9,,,,,,FARS2,,,,,,,,,,,,,,,,
,,,,STS,,,,,,PTRH2,,,,,,,,,,,,,,,,
,,,,PLOD3,,,,,,BOLA1,,,,,,,,,,,,,,,,
,,,,BAX,,,,,,AIFM1,,,,,,,,,,,,,,,,
,,,,JPH2,,,,,,TOMM6,,,,,,,,,,,,,,,,
,,,,GNAI3,,,,,,PAM16,,,,,,,,,,,,,,,,
,,,,NSG1,,,,,,FIS1,,,,,,,,,,,,,,,,
,,,,ADPGK,,,,,,MRPS18C,,,,,,,,,,,,,,,,
,,,,CYP21A2,,,,,,NDUFS6,,,,,,,,,,,,,,,,
,,,,CYP3A4,,,,,,MRPS16,,,,,,,,,,,,,,,,
,,,,DPM3,,,,,,REXO2,,,,,,,,,,,,,,,,
,,,,STX18,,,,,,MRPL11,,,,,,,,,,,,,,,,
,,,,B3GAT1,,,,,,PRELID3B,,,,,,,,,,,,,,,,
,,,,LRIT1,,,,,,SLC25A15,,,,,,,,,,,,,,,,
,,,,HLA-DQB1,,,,,,NIPSNAP3A,,,,,,,,,,,,,,,,
,,,,ICMT,,,,,,PUS1,,,,,,,,,,,,,,,,
,,,,HLA-DQA1,,,,,,ALDH1B1,,,,,,,,,,,,,,,,
,,,,HLA-DQA2,,,,,,TIMM13,,,,,,,,,,,,,,,,
,,,,HLA-DRA,,,,,,EARS2,,,,,,,,,,,,,,,,
,,,,MEST,,,,,,ABHD11,,,,,,,,,,,,,,,,
,,,,PTGS2,,,,,,TIMM9,,,,,,,,,,,,,,,,
,,,,SLC26A9,,,,,,TIMM10B,,,,,,,,,,,,,,,,
,,,,GUCY2C,,,,,,SLIT3,,,,,,,,,,,,,,,,
,,,,FADS1,,,,,,ACSL3,,,,,,,,,,,,,,,,
,,,,SEC13,,,,,,ETHE1,,,,,,,,,,,,,,,,
,,,,DISP3,,,,,,FOXRED1,,,,,,,,,,,,,,,,
,,,,KLHL14,,,,,,COQ8B,,,,,,,,,,,,,,,,
,,,,ATF6,,,,,,HELB,,,,,,,,,,,,,,,,
,,,,RRBP1,,,,,,MRPS33,,,,,,,,,,,,,,,,
,,,,PTGFRN,,,,,,VDAC3,,,,,,,,,,,,,,,,
,,,,HLA-B,,,,,,SLC22A14,,,,,,,,,,,,,,,,
,,,,COPZ2,,,,,,PRELID1,,,,,,,,,,,,,,,,
,,,,TMEM63C,,,,,,HIGD1A,,,,,,,,,,,,,,,,
,,,,STIM2,,,,,,GRHPR,,,,,,,,,,,,,,,,
,,,,ATP10D,,,,,,TRAF3IP3,,,,,,,,,,,,,,,,
,,,,MARCHF2,,,,,,SOD1,,,,,,,,,,,,,,,,
,,,,GRAMD1B,,,,,,PEMT,,,,,,,,,,,,,,,,
,,,,VAPA,,,,,,SCCPDH,,,,,,,,,,,,,,,,
,,,,REEP5,,,,,,PPIF,,,,,,,,,,,,,,,,
,,,,FRRS1L,,,,,,ATAD1,,,,,,,,,,,,,,,,
,,,,EMC3,,,,,,DMGDH,,,,,,,,,,,,,,,,
,,,,SERAC1,,,,,,NOA1,,,,,,,,,,,,,,,,
,,,,APOO,,,,,,APEX1,,,,,,,,,,,,,,,,
,,,,HSD11B1,,,,,,PRKCA,,,,,,,,,,,,,,,,
,,,,EMC6,,,,,,TMEM143,,,,,,,,,,,,,,,,
,,,,CTAGE9,,,,,,MRRF,,,,,,,,,,,,,,,,
,,,,JKAMP,,,,,,MTFMT,,,,,,,,,,,,,,,,
,,,,HACD3,,,,,,COQ6,,,,,,,,,,,,,,,,
,,,,LPCAT4,,,,,,YARS2,,,,,,,,,,,,,,,,
,,,,LTC4S,,,,,,MRPS2,,,,,,,,,,,,,,,,
,,,,ABHD12B,,,,,,MTCH2,,,,,,,,,,,,,,,,
,,,,PSKH1,,,,,,TDRKH,,,,,,,,,,,,,,,,
,,,,PIGF,,,,,,SH3GLB1,,,,,,,,,,,,,,,,
,,,,DRD1,,,,,,MRPS7,,,,,,,,,,,,,,,,
,,,,FADS2B,,,,,,ISOC2,,,,,,,,,,,,,,,,
,,,,LRRK2,,,,,,MRPS17,,,,,,,,,,,,,,,,
,,,,GALNT1,,,,,,MRPS28,,,,,,,,,,,,,,,,
,,,,GALNT2,,,,,,GSTK1,,,,,,,,,,,,,,,,
,,,,TGFA,,,,,,GSDMD,,,,,,,,,,,,,,,,
,,,,SRD5A1,,,,,,CRY2,,,,,,,,,,,,,,,,
,,,,RHOC,,,,,,PI4KB,,,,,,,,,,,,,,,,
,,,,DIPK1A,,,,,,MTERF2,,,,,,,,,,,,,,,,
,,,,PTCHD3,,,,,,NDUFB2,,,,,,,,,,,,,,,,
,,,,TMC6,,,,,,NDUFA3,,,,,,,,,,,,,,,,
,,,,TXNDC11,,,,,,MFN2,,,,,,,,,,,,,,,,
,,,,EBPL,,,,,,NDUFB6,,,,,,,,,,,,,,,,
,,,,SEC31B,,,,,,RDH13,,,,,,,,,,,,,,,,
,,,,ATG9A,,,,,,SDS,,,,,,,,,,,,,,,,
,,,,UGT2B28,,,,,,Mgu,,,,,,,,,,,,,,,,
,,,,KSR1,,,,,,ABL1,,,,,,,,,,,,,,,,
,,,,LPCAT2,,,,,,SLC27A3,,,,,,,,,,,,,,,,
,,,,IFNGR2,,,,,,GCAT,,,,,,,,,,,,,,,,
,,,,GDPD3,,,,,,ACSF2,,,,,,,,,,,,,,,,
,,,,GGCX,,,,,,RPUSD4,,,,,,,,,,,,,,,,
,,,,PNPLA3,,,,,,CHCHD1,,,,,,,,,,,,,,,,
,,,,PDIA6,,,,,,FLAD1,,,,,,,,,,,,,,,,
,,,,FA2H,,,,,,AMMECR1,,,,,,,,,,,,,,,,
,,,,GET1,,,,,,ARAF,,,,,,,,,,,,,,,,
,,,,PTDSS1,,,,,,TIMM22,,,,,,,,,,,,,,,,
,,,,SFTPA2,,,,,,NSUN4,,,,,,,,,,,,,,,,
,,,,SFTPA1,,,,,,PRODH2,,,,,,,,,,,,,,,,
,,,,EXTL3,,,,,,SAMM50,,,,,,,,,,,,,,,,
,,,,CDC14C,,,,,,ATG4B,,,,,,,,,,,,,,,,
,,,,RAC2,,,,,,MAOB,,,,,,,,,,,,,,,,
,,,,BSG,,,,,,MT-CYB,,,,,,,,,,,,,,,,
,,,,SOAT1,,,,,,YBEY,,,,,,,,,,,,,,,,
,,,,COPB2,,,,,,COX20,,,,,,,,,,,,,,,,
,,,,MLEC,,,,,,CYRIB,,,,,,,,,,,,,,,,
,,,,KRAS,,,,,,TMIGD1,,,,,,,,,,,,,,,,
,,,,HRAS,,,,,,APOOL,,,,,,,,,,,,,,,,
,,,,SLC27A1,,,,,,PEX11B,,,,,,,,,,,,,,,,
,,,,CYB5RL,,,,,,TOMM40,,,,,,,,,,,,,,,,
,,,,PTPN1,,,,,,NDUFB10,,,,,,,,,,,,,,,,
,,,,UBXN8,,,,,,TSPOAP1,,,,,,,,,,,,,,,,
,,,,SGK1,,,,,,NDUFB4,,,,,,,,,,,,,,,,
,,,,FZD9,,,,,,LDHAL6A,,,,,,,,,,,,,,,,
,,,,GSG1,,,,,,MPG,,,,,,,,,,,,,,,,
,,,,TM7SF2,,,,,,MACC1,,,,,,,,,,,,,,,,
,,,,WFS1,,,,,,GSK3B,,,,,,,,,,,,,,,,
,,,,PITPNB,,,,,,GSK3A,,,,,,,,,,,,,,,,
,,,,RIC3,,,,,,SHC1,,,,,,,,,,,,,,,,
,,,,SRPRA,,,,,,NDUFV1,,,,,,,,,,,,,,,,
,,,,NR3C2,,,,,,FOXK2,,,,,,,,,,,,,,,,
,,,,VCP,,,,,,CYP11B2,,,,,,,,,,,,,,,,
,,,,TRPM1,,,,,,AMBRA1,,,,,,,,,,,,,,,,
,,,,CYP2C9,,,,,,HTD2,,,,,,,,,,,,,,,,
,,,,FITM1,,,,,,FHIT,,,,,,,,,,,,,,,,
,,,,CREB3L2,,,,,,ALAS2,,,,,,,,,,,,,,,,
,,,,BLTP1,,,,,,PSEN1,,,,,,,,,,,,,,,,
,,,,NFE2L1,,,,,,ACADVL,,,,,,,,,,,,,,,,
,,,,DNAJB2,,,,,,NDUFA10,,,,,,,,,,,,,,,,
,,,,CYP2E1,,,,,,NRDC,,,,,,,,,,,,,,,,
,,,,CYP1A2,,,,,,IDH3B,,,,,,,,,,,,,,,,
,,,,FUT10,,,,,,TDRD10,,,,,,,,,,,,,,,,
,,,,FOLR1,,,,,,GRAMD4,,,,,,,,,,,,,,,,
,,,,DIPK1B,,,,,,GTPBP6,,,,,,,,,,,,,,,,
,,,,TMEM238L,,,,,,CFAP410,,,,,,,,,,,,,,,,
,,,,HHAT,,,,,,SCO2,,,,,,,,,,,,,,,,
,,,,PMEL,,,,,,TIMM50,,,,,,,,,,,,,,,,
,,,,DHH,,,,,,COL6A1,,,,,,,,,,,,,,,,
,,,,MAP3K7,,,,,,HARS2,,,,,,,,,,,,,,,,
,,,,CYP2R1,,,,,,STMP1,,,,,,,,,,,,,,,,
,,,,CAMLG,,,,,,LETMD1,,,,,,,,,,,,,,,,
,,,,VMA21,,,,,,UBA1,,,,,,,,,,,,,,,,
,,,,WDR83OS,,,,,,SCP2,,,,,,,,,,,,,,,,
,,,,HACD4,,,,,,KHDC3L,,,,,,,,,,,,,,,,
,,,,NOMO3,,,,,,C15orf61,,,,,,,,,,,,,,,,
,,,,FMO5,,,,,,SLC25A20,,,,,,,,,,,,,,,,
,,,,RNF13,,,,,,COX6A1,,,,,,,,,,,,,,,,
,,,,SGCE,,,,,,GATC,,,,,,,,,,,,,,,,
,,,,PIGH,,,,,,TRIAP1,,,,,,,,,,,,,,,,
,,,,BECN1,,,,,,GSTZ1,,,,,,,,,,,,,,,,
,,,,AREG,,,,,,MPV17,,,,,,,,,,,,,,,,
,,,,OSBP,,,,,,NMES1,,,,,,,,,,,,,,,,
,,,,HPN,,,,,,PLA2G4B,,,,,,,,,,,,,,,,
,,,,SGPL1,,,,,,ARMS2,,,,,,,,,,,,,,,,
,,,,HTRA2,,,,,,UQCRFS1P1,,,,,,,,,,,,,,,,
,,,,MBTPS1,,,,,,CISD3,,,,,,,,,,,,,,,,
,,,,ALG10B,,,,,,CKB,,,,,,,,,,,,,,,,
,,,,MGAT4D,,,,,,MCCD1,,,,,,,,,,,,,,,,
,,,,KPNA2,,,,,,ACSM4,,,,,,,,,,,,,,,,
,,,,HLA-DRB3,,,,,,NDUFS5,,,,,,,,,,,,,,,,
,,,,ATP13A4,,,,,,SLC25A6,,,,,,,,,,,,,,,,
,,,,IKBIP,,,,,,SLC25A4,,,,,,,,,,,,,,,,
,,,,LPIN1,,,,,,PRICKLE3,,,,,,,,,,,,,,,,
,,,,BLTP2,,,,,,SLC25A14,,,,,,,,,,,,,,,,
,,,,ITPR1,,,,,,TANGO2,,,,,,,,,,,,,,,,
,,,,IHH,,,,,,STAR,,,,,,,,,,,,,,,,
,,,,ZDHHC20,,,,,,CASP4,,,,,,,,,,,,,,,,
,,,,FADS3,,,,,,DDAH2,,,,,,,,,,,,,,,,
,,,,SCARA3,,,,,,BPNT1,,,,,,,,,,,,,,,,
,,,,GRIN2C,,,,,,SLC25A27,,,,,,,,,,,,,,,,
,,,,LRRC8B,,,,,,ZNF217,,,,,,,,,,,,,,,,
,,,,NRAS,,,,,,BRINP3,,,,,,,,,,,,,,,,
,,,,UCHL1,,,,,,MT-CO1,,,,,,,,,,,,,,,,
,,,,CYP26A1,,,,,,GSR,,,,,,,,,,,,,,,,
,,,,CYB5B,,,,,,MLYCD,,,,,,,,,,,,,,,,
,,,,PJA2,,,,,,MTHFD1L,,,,,,,,,,,,,,,,
,,,,FLRT2,,,,,,BAG3,,,,,,,,,,,,,,,,
,,,,OCA2,,,,,,DHFR,,,,,,,,,,,,,,,,
,,,,ATG13,,,,,,METAP1D,,,,,,,,,,,,,,,,
,,,,CD1D,,,,,,SNN,,,,,,,,,,,,,,,,
,,,,SLC10A7,,,,,,GLUD1,,,,,,,,,,,,,,,,
,,,,AWAT2,,,,,,LIPF,,,,,,,,,,,,,,,,
,,,,PGAP1,,,,,,CLPB,,,,,,,,,,,,,,,,
,,,,ELOVL6,,,,,,DUSP11,,,,,,,,,,,,,,,,
,,,,STARD3,,,,,,TMEM126A,,,,,,,,,,,,,,,,
,,,,HLA-DQB2,,,,,,NDUFS2,,,,,,,,,,,,,,,,
,,,,FXYD3,,,,,,LDHA,,,,,,,,,,,,,,,,
,,,,GRIA1,,,,,,ADSS2,,,,,,,,,,,,,,,,
,,,,MTOR,,,,,,PITRM1,,,,,,,,,,,,,,,,
,,,,LMAN1,,,,,,MTFR1L,,,,,,,,,,,,,,,,
,,,,HTN1,,,,,,SLC22A4,,,,,,,,,,,,,,,,
,,,,SELENOT,,,,,,PFDN2,,,,,,,,,,,,,,,,
,,,,ITPR3,,,,,,MRM2,,,,,,,,,,,,,,,,
,,,,ITPR2,,,,,,GLS2,,,,,,,,,,,,,,,,
,,,,PPM1L,,,,,,CYB5R1,,,,,,,,,,,,,,,,
,,,,SQLE,,,,,,NR2F6,,,,,,,,,,,,,,,,
,,,,NUS1,,,,,,NDUFA12,,,,,,,,,,,,,,,,
,,,,SLC27A5,,,,,,POLG2,,,,,,,,,,,,,,,,
,,,,TMX2,,,,,,SUCLG2,,,,,,,,,,,,,,,,
,,,,PNPLA2,,,,,,NARS2,,,,,,,,,,,,,,,,
,,,,CDKAL1,,,,,,RCC1L,,,,,,,,,,,,,,,,
,,,,LRRC59,,,,,,MTRF1,,,,,,,,,,,,,,,,
,,,,PLP2,,,,,,TMEM141,,,,,,,,,,,,,,,,
,,,,EMC8,,,,,,PGAM5,,,,,,,,,,,,,,,,
,,,,PDIA5,,,,,,FBXL4,,,,,,,,,,,,,,,,
,,,,DHRS7,,,,,,PYURF,,,,,,,,,,,,,,,,
,,,,UBA52,,,,,,MPC1L,,,,,,,,,,,,,,,,
,,,,RPS27A,,,,,,NDUFB8,,,,,,,,,,,,,,,,
,,,,GPAA1,,,,,,FXN,,,,,,,,,,,,,,,,
,,,,ZW10,,,,,,CALR,,,,,,,,,,,,,,,,
,,,,LBR,,,,,,OXNAD1,,,,,,,,,,,,,,,,
,,,,NOTCH2,,,,,,NDUFA7,,,,,,,,,,,,,,,,
,,,,TMEM67,,,,,,ECI2,,,,,,,,,,,,,,,,
,,,,DHRS7B,,,,,,PGK1,,,,,,,,,,,,,,,,
,,,,PLPP2,,,,,,STOML2,,,,,,,,,,,,,,,,
,,,,GET3,,,,,,MAPK14,,,,,,,,,,,,,,,,
,,,,ARHGAP32,,,,,,FMC1,,,,,,,,,,,,,,,,
,,,,CYB5R2,,,,,,UQCRHL,,,,,,,,,,,,,,,,
,,,,SLC37A3,,,,,,FEM1B,,,,,,,,,,,,,,,,
,,,,ERLIN2,,,,,,DCK,,,,,,,,,,,,,,,,
,,,,HSD17B12,,,,,,POLG,,,,,,,,,,,,,,,,
,,,,CLSTN1,,,,,,GPX1,,,,,,,,,,,,,,,,
,,,,LSS,,,,,,SMIM26,,,,,,,,,,,,,,,,
,,,,ARCN1,,,,,,SLC25A13,,,,,,,,,,,,,,,,
,,,,ORMDL2,,,,,,NOCT,,,,,,,,,,,,,,,,
,,,,POM121C,,,,,,RPS6KA6,,,,,,,,,,,,,,,,
,,,,TMEM35A,,,,,,SLC25A18,,,,,,,,,,,,,,,,
,,,,CDS1,,,,,,ISCU,,,,,,,,,,,,,,,,
,,,,CYB5R4,,,,,,SLC41A3,,,,,,,,,,,,,,,,
,,,,CYP2J2,,,,,,COQ2,,,,,,,,,,,,,,,,
,,,,BCAP31,,,,,,METTL9,,,,,,,,,,,,,,,,
,,,,ATG9B,,,,,,MARS2,,,,,,,,,,,,,,,,
,,,,ANKLE2,,,,,,SLC25A44,,,,,,,,,,,,,,,,
,,,,JPH1,,,,,,NDUFS3,,,,,,,,,,,,,,,,
,,,,ATL1,,,,,,MYO19,,,,,,,,,,,,,,,,
,,,,MCTP1,,,,,,ERN1,,,,,,,,,,,,,,,,
,,,,TAPT1,,,,,,CRLS1,,,,,,,,,,,,,,,,
,,,,PANX3,,,,,,OTC,,,,,,,,,,,,,,,,
,,,,PTGDS,,,,,,PMPCB,,,,,,,,,,,,,,,,
,,,,PREB,,,,,,NDUFB1,,,,,,,,,,,,,,,,
,,,,ATP13A1,,,,,,MTX2,,,,,,,,,,,,,,,,
,,,,HHATL,,,,,,TRUB2,,,,,,,,,,,,,,,,
,,,,GRIN1,,,,,,LDHB,,,,,,,,,,,,,,,,
,,,,SIGMAR1,,,,,,NME6,,,,,,,,,,,,,,,,
,,,,MGST2,,,,,,AMACR,,,,,,,,,,,,,,,,
,,,,SHISA3,,,,,,ATP5MC2,,,,,,,,,,,,,,,,
,,,,CLCN4,,,,,,DLAT,,,,,,,,,,,,,,,,
,,,,ELAPOR1,,,,,,PTCD3,,,,,,,,,,,,,,,,
,,,,ZFAND2B,,,,,,DNAJA3,,,,,,,,,,,,,,,,
,,,,SEZ6L2,,,,,,COQ8A,,,,,,,,,,,,,,,,
,,,,SRD5A2,,,,,,SMIM12,,,,,,,,,,,,,,,,
,,,,TMT1B,,,,,,LIPT1,,,,,,,,,,,,,,,,
,,,,COPZ1,,,,,,PIN4,,,,,,,,,,,,,,,,
,,,,LCLAT1,,,,,,MFSD8,,,,,,,,,,,,,,,,
,,,,LMBR1L,,,,,,PPTC7,,,,,,,,,,,,,,,,
,,,,LCTL,,,,,,BCS1L,,,,,,,,,,,,,,,,
,,,,RPN2,,,,,,CCDC51,,,,,,,,,,,,,,,,
,,,,RPN1,,,,,,NDUFS7,,,,,,,,,,,,,,,,
,,,,CYBB,,,,,,UQCRFS1,,,,,,,,,,,,,,,,
,,,,TMEM63B,,,,,,SNAP29,,,,,,,,,,,,,,,,
,,,,SHISA2,,,,,,G0S2,,,,,,,,,,,,,,,,
,,,,TEX261,,,,,,COQ9,,,,,,,,,,,,,,,,
,,,,RETREG3,,,,,,MRPL53,,,,,,,,,,,,,,,,
,,,,CYP4F11,,,,,,MRPS24,,,,,,,,,,,,,,,,
,,,,RDH14,,,,,,KIFBP,,,,,,,,,,,,,,,,
,,,,CYP4Z1,,,,,,MALSU1,,,,,,,,,,,,,,,,
,,,,ZFYVE1,,,,,,ARMCX3,,,,,,,,,,,,,,,,
,,,,TAP2,,,,,,SPMIP6,,,,,,,,,,,,,,,,
,,,,TAP1,,,,,,AZIN2,,,,,,,,,,,,,,,,
,,,,RHOA,,,,,,KIAA1191,,,,,,,,,,,,,,,,
,,,,MOGAT3,,,,,,PPM1J,,,,,,,,,,,,,,,,
,,,,PIGG,,,,,,GIMAP8,,,,,,,,,,,,,,,,
,,,,PIGZ,,,,,,SIRT1,,,,,,,,,,,,,,,,
,,,,UGT1A8,,,,,,WARS2,,,,,,,,,,,,,,,,
,,,,UGT1A10,,,,,,SQOR,,,,,,,,,,,,,,,,
,,,,UGT1A7,,,,,,COX11,,,,,,,,,,,,,,,,
,,,,CYP3A43,,,,,,NDUFB9,,,,,,,,,,,,,,,,
,,,,ACSL1,,,,,,HIF3A,,,,,,,,,,,,,,,,
,,,,LMAN1L,,,,,,MICOS13,,,,,,,,,,,,,,,,
,,,,SLC28A3,,,,,,ACOT9,,,,,,,,,,,,,,,,
,,,,MOGS,,,,,,TMEM11,,,,,,,,,,,,,,,,
,,,,HLA-DPB1,,,,,,STYXL1,,,,,,,,,,,,,,,,
,,,,HLA-A,,,,,,ABCB7,,,,,,,,,,,,,,,,
,,,,KCNK12,,,,,,DHX36,,,,,,,,,,,,,,,,
,,,,ELOVL3,,,,,,LYPLA1,,,,,,,,,,,,,,,,
,,,,STING1,,,,,,PDK4,,,,,,,,,,,,,,,,
,,,,PANX2,,,,,,COA8,,,,,,,,,,,,,,,,
,,,,GBA2,,,,,,TXNRD2,,,,,,,,,,,,,,,,
,,,,TMEM260,,,,,,TAFAZZIN,,,,,,,,,,,,,,,,
,,,,SEC61A1,,,,,,BAK1,,,,,,,,,,,,,,,,
,,,,SGMS1,,,,,,PARL,,,,,,,,,,,,,,,,
,,,,TMBIM4,,,,,,ACAD8,,,,,,,,,,,,,,,,
,,,,OTOF,,,,,,MTIF3,,,,,,,,,,,,,,,,
,,,,,,,,,,ADAM28,,,,,,,,,,,,,,,,
,,,,,,,,,,SARDH,,,,,,,,,,,,,,,,
,,,,,,,,,,GTF3C4,,,,,,,,,,,,,,,,
,,,,,,,,,,CASP8AP2,,,,,,,,,,,,,,,,
,,,,,,,,,,MRPL18,,,,,,,,,,,,,,,,
,,,,,,,,,,FAHD2A,,,,,,,,,,,,,,,,
,,,,,,,,,,GABARAPL1,,,,,,,,,,,,,,,,
,,,,,,,,,,QRSL1,,,,,,,,,,,,,,,,
,,,,,,,,,,TRMT2B,,,,,,,,,,,,,,,,
,,,,,,,,,,MT-CO3,,,,,,,,,,,,,,,,
,,,,,,,,,,MT-CO2,,,,,,,,,,,,,,,,
,,,,,,,,,,NT5C3A,,,,,,,,,,,,,,,,
,,,,,,,,,,MSRA,,,,,,,,,,,,,,,,
,,,,,,,,,,PCBD2,,,,,,,,,,,,,,,,
,,,,,,,,,,RNF185,,,,,,,,,,,,,,,,
,,,,,,,,,,DMAC1,,,,,,,,,,,,,,,,
,,,,,,,,,,MRPL48,,,,,,,,,,,,,,,,
,,,,,,,,,,RACGAP1,,,,,,,,,,,,,,,,
,,,,,,,,,,PET100,,,,,,,,,,,,,,,,
,,,,,,,,,,BRD8,,,,,,,,,,,,,,,,
,,,,,,,,,,MAPT,,,,,,,,,,,,,,,,
,,,,,,,,,,CYP2D6,,,,,,,,,,,,,,,,
,,,,,,,,,,SNCA,,,,,,,,,,,,,,,,
,,,,,,,,,,MGST1,,,,,,,,,,,,,,,,
,,,,,,,,,,AK3,,,,,,,,,,,,,,,,
,,,,,,,,,,SLC25A31,,,,,,,,,,,,,,,,
,,,,,,,,,,ATP5IF1,,,,,,,,,,,,,,,,
,,,,,,,,,,KLC2,,,,,,,,,,,,,,,,
,,,,,,,,,,IQCN,,,,,,,,,,,,,,,,
,,,,,,,,,,COX5B,,,,,,,,,,,,,,,,
,,,,,,,,,,NOL7,,,,,,,,,,,,,,,,
,,,,,,,,,,HADH,,,,,,,,,,,,,,,,
,,,,,,,,,,COX4I2,,,,,,,,,,,,,,,,
,,,,,,,,,,NENF,,,,,,,,,,,,,,,,
,,,,,,,,,,BOK,,,,,,,,,,,,,,,,
,,,,,,,,,,MTHFD2,,,,,,,,,,,,,,,,
,,,,,,,,,,PCK2,,,,,,,,,,,,,,,,
,,,,,,,,,,MRPL40,,,,,,,,,,,,,,,,
,,,,,,,,,,SMIM8,,,,,,,,,,,,,,,,
,,,,,,,,,,NFU1,,,,,,,,,,,,,,,,
,,,,,,,,,,CABS1,,,,,,,,,,,,,,,,
,,,,,,,,,,MTG2,,,,,,,,,,,,,,,,
,,,,,,,,,,SMDT1,,,,,,,,,,,,,,,,
,,,,,,,,,,TRABD,,,,,,,,,,,,,,,,
,,,,,,,,,,TIMMDC1,,,,,,,,,,,,,,,,
,,,,,,,,,,ACOT13,,,,,,,,,,,,,,,,
,,,,,,,,,,STXBP1,,,,,,,,,,,,,,,,
,,,,,,,,,,NOX4,,,,,,,,,,,,,,,,
,,,,,,,,,,ACP6,,,,,,,,,,,,,,,,
,,,,,,,,,,NGB,,,,,,,,,,,,,,,,
,,,,,,,,,,ALDH5A1,,,,,,,,,,,,,,,,
,,,,,,,,,,NDUFC2-KCTD14,,,,,,,,,,,,,,,,
,,,,,,,,,,PDPN,,,,,,,,,,,,,,,,
,,,,,,,,,,TDRP,,,,,,,,,,,,,,,,
,,,,,,,,,,PDSS2,,,,,,,,,,,,,,,,
,,,,,,,,,,ECHDC2,,,,,,,,,,,,,,,,
,,,,,,,,,,CYP1A1,,,,,,,,,,,,,,,,
,,,,,,,,,,ACSM6,,,,,,,,,,,,,,,,
,,,,,,,,,,MRPS10,,,,,,,,,,,,,,,,
,,,,,,,,,,MRPS25,,,,,,,,,,,,,,,,
,,,,,,,,,,MRPS22,,,,,,,,,,,,,,,,
,,,,,,,,,,MTFR2,,,,,,,,,,,,,,,,
,,,,,,,,,,GCKR,,,,,,,,,,,,,,,,
,,,,,,,,,,ALDH2,,,,,,,,,,,,,,,,
,,,,,,,,,,FKBP8,,,,,,,,,,,,,,,,
,,,,,,,,,,RRM2B,,,,,,,,,,,,,,,,
,,,,,,,,,,ALDH6A1,,,,,,,,,,,,,,,,
,,,,,,,,,,KIF23,,,,,,,,,,,,,,,,
,,,,,,,,,,DOK7,,,,,,,,,,,,,,,,
,,,,,,,,,,REEP1,,,,,,,,,,,,,,,,
,,,,,,,,,,TMEM102,,,,,,,,,,,,,,,,
,,,,,,,,,,ATP2B4,,,,,,,,,,,,,,,,
,,,,,,,,,,NAT8L,,,,,,,,,,,,,,,,
,,,,,,,,,,CSKMT,,,,,,,,,,,,,,,,
,,,,,,,,,,ABCD1,,,,,,,,,,,,,,,,
,,,,,,,,,,PRKCE,,,,,,,,,,,,,,,,
,,,,,,,,,,MRPL43,,,,,,,,,,,,,,,,
,,,,,,,,,,C2orf69,,,,,,,,,,,,,,,,
,,,,,,,,,,SLC25A29,,,,,,,,,,,,,,,,
,,,,,,,,,,COX18,,,,,,,,,,,,,,,,
,,,,,,,,,,L2HGDH,,,,,,,,,,,,,,,,
,,,,,,,,,,ARL10,,,,,,,,,,,,,,,,
,,,,,,,,,,ADCY10,,,,,,,,,,,,,,,,
,,,,,,,,,,LRRK1,,,,,,,,,,,,,,,,
,,,,,,,,,,SMIM10L1,,,,,,,,,,,,,,,,
,,,,,,,,,,ECHS1,,,,,,,,,,,,,,,,
,,,,,,,,,,PEX5,,,,,,,,,,,,,,,,
,,,,,,,,,,WDR81,,,,,,,,,,,,,,,,
,,,,,,,,,,FKBP4,,,,,,,,,,,,,,,,
,,,,,,,,,,ATP5F1D,,,,,,,,,,,,,,,,
,,,,,,,,,,PRDX3,,,,,,,,,,,,,,,,
,,,,,,,,,,PRDX5,,,,,,,,,,,,,,,,
,,,,,,,,,,ALDH4A1,,,,,,,,,,,,,,,,
,,,,,,,,,,MAP2K1,,,,,,,,,,,,,,,,
,,,,,,,,,,GDF5-AS1,,,,,,,,,,,,,,,,
,,,,,,,,,,GUK1,,,,,,,,,,,,,,,,
,,,,,,,,,,NDUFA9,,,,,,,,,,,,,,,,
,,,,,,,,,,CYP2D7,,,,,,,,,,,,,,,,
,,,,,,,,,,ABCB6,,,,,,,,,,,,,,,,
,,,,,,,,,,BNIP3,,,,,,,,,,,,,,,,
,,,,,,,,,,BNIP1,,,,,,,,,,,,,,,,
,,,,,,,,,,MAFF,,,,,,,,,,,,,,,,
,,,,,,,,,,MGST3,,,,,,,,,,,,,,,,
,,,,,,,,,,BCKDK,,,,,,,,,,,,,,,,
,,,,,,,,,,AIM2,,,,,,,,,,,,,,,,
,,,,,,,,,,TRAP1,,,,,,,,,,,,,,,,
,,,,,,,,,,ILF3,,,,,,,,,,,,,,,,
,,,,,,,,,,DIABLO,,,,,,,,,,,,,,,,
,,,,,,,,,,NIT2,,,,,,,,,,,,,,,,
,,,,,,,,,,GFM2,,,,,,,,,,,,,,,,
,,,,,,,,,,PIF1,,,,,,,,,,,,,,,,
,,,,,,,,,,RAB24,,,,,,,,,,,,,,,,
,,,,,,,,,,TOP1MT,,,,,,,,,,,,,,,,
,,,,,,,,,,TOMM40L,,,,,,,,,,,,,,,,
,,,,,,,,,,RRM1,,,,,,,,,,,,,,,,
,,,,,,,,,,DTYMK,,,,,,,,,,,,,,,,
,,,,,,,,,,GLYATL1,,,,,,,,,,,,,,,,
,,,,,,,,,,FAM124B,,,,,,,,,,,,,,,,
,,,,,,,,,,CCS,,,,,,,,,,,,,,,,
,,,,,,,,,,RFK,,,,,,,,,,,,,,,,
,,,,,,,,,,FATE1,,,,,,,,,,,,,,,,
,,,,,,,,,,P4HA1,,,,,,,,,,,,,,,,
,,,,,,,,,,IDH3A,,,,,,,,,,,,,,,,
,,,,,,,,,,NDUFAF6,,,,,,,,,,,,,,,,
,,,,,,,,,,NCBP1,,,,,,,,,,,,,,,,
,,,,,,,,,,ACSBG2,,,,,,,,,,,,,,,,
,,,,,,,,,,PPP2CA,,,,,,,,,,,,,,,,
,,,,,,,,,,MIGA1,,,,,,,,,,,,,,,,
,,,,,,,,,,NDUFB7,,,,,,,,,,,,,,,,
,,,,,,,,,,MT-ATP8,,,,,,,,,,,,,,,,
,,,,,,,,,,MT-ND6,,,,,,,,,,,,,,,,
,,,,,,,,,,MT-ND5,,,,,,,,,,,,,,,,
,,,,,,,,,,MT-ND4,,,,,,,,,,,,,,,,
,,,,,,,,,,MT-ND4L,,,,,,,,,,,,,,,,
,,,,,,,,,,COA6,,,,,,,,,,,,,,,,
,,,,,,,,,,HLCS,,,,,,,,,,,,,,,,
,,,,,,,,,,CANX,,,,,,,,,,,,,,,,
,,,,,,,,,,SLC25A11,,,,,,,,,,,,,,,,
,,,,,,,,,,CAPN1,,,,,,,,,,,,,,,,
,,,,,,,,,,CRY1,,,,,,,,,,,,,,,,
,,,,,,,,,,MRPL23,,,,,,,,,,,,,,,,
,,,,,,,,,,SECISBP2L,,,,,,,,,,,,,,,,
,,,,,,,,,,AARS2,,,,,,,,,,,,,,,,
,,,,,,,,,,CLU,,,,,,,,,,,,,,,,
,,,,,,,,,,PPOX,,,,,,,,,,,,,,,,
,,,,,,,,,,MTARC2,,,,,,,,,,,,,,,,
,,,,,,,,,,TBRG4,,,,,,,,,,,,,,,,
,,,,,,,,,,GTPBP3,,,,,,,,,,,,,,,,
,,,,,,,,,,MUL1,,,,,,,,,,,,,,,,
,,,,,,,,,,CYP24A1,,,,,,,,,,,,,,,,
,,,,,,,,,,PHB1,,,,,,,,,,,,,,,,
,,,,,,,,,,CA5A,,,,,,,,,,,,,,,,
,,,,,,,,,,IDH2,,,,,,,,,,,,,,,,
,,,,,,,,,,AMT,,,,,,,,,,,,,,,,
,,,,,,,,,,CPOX,,,,,,,,,,,,,,,,
,,,,,,,,,,CREBZF,,,,,,,,,,,,,,,,
,,,,,,,,,,PLA2G4C,,,,,,,,,,,,,,,,
,,,,,,,,,,COQ10A,,,,,,,,,,,,,,,,
,,,,,,,,,,GLRX2,,,,,,,,,,,,,,,,
,,,,,,,,,,SDHAF3,,,,,,,,,,,,,,,,
,,,,,,,,,,CMC2,,,,,,,,,,,,,,,,
,,,,,,,,,,OPA3,,,,,,,,,,,,,,,,
,,,,,,,,,,HSPA1A,,,,,,,,,,,,,,,,
,,,,,,,,,,HSPA1B,,,,,,,,,,,,,,,,
,,,,,,,,,,PERP,,,,,,,,,,,,,,,,
,,,,,,,,,,PTPN11,,,,,,,,,,,,,,,,
,,,,,,,,,,MUTYH,,,,,,,,,,,,,,,,
,,,,,,,,,,CS,,,,,,,,,,,,,,,,
,,,,,,,,,,SLC25A32,,,,,,,,,,,,,,,,
,,,,,,,,,,CKMT2,,,,,,,,,,,,,,,,
,,,,,,,,,,DHTKD1,,,,,,,,,,,,,,,,
,,,,,,,,,,HSPD1,,,,,,,,,,,,,,,,
,,,,,,,,,,ACOT1,,,,,,,,,,,,,,,,
,,,,,,,,,,YRDC,,,,,,,,,,,,,,,,
,,,,,,,,,,ADCK1,,,,,,,,,,,,,,,,
,,,,,,,,,,KIF28P,,,,,,,,,,,,,,,,
,,,,,,,,,,HK1,,,,,,,,,,,,,,,,
,,,,,,,,,,KLK6,,,,,,,,,,,,,,,,
,,,,,,,,,,IFI6,,,,,,,,,,,,,,,,
,,,,,,,,,,SLC25A39,,,,,,,,,,,,,,,,
,,,,,,,,,,GRPEL2,,,,,,,,,,,,,,,,
,,,,,,,,,,ASB9,,,,,,,,,,,,,,,,
,,,,,,,,,,COA3,,,,,,,,,,,,,,,,
,,,,,,,,,,SLC25A38,,,,,,,,,,,,,,,,
,,,,,,,,,,ATP23,,,,,,,,,,,,,,,,
,,,,,,,,,,CHCHD2,,,,,,,,,,,,,,,,
,,,,,,,,,,POLDIP2,,,,,,,,,,,,,,,,
,,,,,,,,,,SLC25A51,,,,,,,,,,,,,,,,
,,,,,,,,,,MICU1,,,,,,,,,,,,,,,,
,,,,,,,,,,CIDEA,,,,,,,,,,,,,,,,
,,,,,,,,,,YJEFN3,,,,,,,,,,,,,,,,
,,,,,,,,,,MCL1,,,,,,,,,,,,,,,,
,,,,,,,,,,BCL2L1,,,,,,,,,,,,,,,,
,,,,,,,,,,BAX,,,,,,,,,,,,,,,,
,,,,,,,,,,HS1BP3,,,,,,,,,,,,,,,,
,,,,,,,,,,CHCHD6,,,,,,,,,,,,,,,,
,,,,,,,,,,PPA2,,,,,,,,,,,,,,,,
,,,,,,,,,,HIGD2B,,,,,,,,,,,,,,,,
,,,,,,,,,,MIX23,,,,,,,,,,,,,,,,
,,,,,,,,,,NIPSNAP3B,,,,,,,,,,,,,,,,
,,,,,,,,,,COX17,,,,,,,,,,,,,,,,
,,,,,,,,,,KANK2,,,,,,,,,,,,,,,,
,,,,,,,,,,GOT2,,,,,,,,,,,,,,,,
,,,,,,,,,,BID,,,,,,,,,,,,,,,,
,,,,,,,,,,UCP3,,,,,,,,,,,,,,,,
,,,,,,,,,,RPUSD3,,,,,,,,,,,,,,,,
,,,,,,,,,,OPA1,,,,,,,,,,,,,,,,
,,,,,,,,,,C15orf62,,,,,,,,,,,,,,,,
,,,,,,,,,,UCP2,,,,,,,,,,,,,,,,
,,,,,,,,,,OXCT1,,,,,,,,,,,,,,,,
,,,,,,,,,,FADS1,,,,,,,,,,,,,,,,
,,,,,,,,,,AK4P3,,,,,,,,,,,,,,,,
,,,,,,,,,,GFER,,,,,,,,,,,,,,,,
,,,,,,,,,,SPR,,,,,,,,,,,,,,,,
,,,,,,,,,,SUCLA2,,,,,,,,,,,,,,,,
,,,,,,,,,,KANSL3,,,,,,,,,,,,,,,,
,,,,,,,,,,PDP2,,,,,,,,,,,,,,,,
,,,,,,,,,,USP35,,,,,,,,,,,,,,,,
,,,,,,,,,,ATF4,,,,,,,,,,,,,,,,
,,,,,,,,,,ZNFX1,,,,,,,,,,,,,,,,
,,,,,,,,,,TMEM177,,,,,,,,,,,,,,,,
,,,,,,,,,,CCM2,,,,,,,,,,,,,,,,
,,,,,,,,,,BOLA3,,,,,,,,,,,,,,,,
,,,,,,,,,,TIMM23B,,,,,,,,,,,,,,,,
,,,,,,,,,,HIGD1B,,,,,,,,,,,,,,,,
,,,,,,,,,,ARMCX1,,,,,,,,,,,,,,,,
,,,,,,,,,,CYC1,,,,,,,,,,,,,,,,
,,,,,,,,,,PAK5,,,,,,,,,,,,,,,,
,,,,,,,,,,PDHA1,,,,,,,,,,,,,,,,
,,,,,,,,,,VPS54,,,,,,,,,,,,,,,,
,,,,,,,,,,CLPP,,,,,,,,,,,,,,,,
,,,,,,,,,,SORD,,,,,,,,,,,,,,,,
,,,,,,,,,,ADAR,,,,,,,,,,,,,,,,
,,,,,,,,,,MRPL27,,,,,,,,,,,,,,,,
,,,,,,,,,,VARS2,,,,,,,,,,,,,,,,
,,,,,,,,,,MRPL36,,,,,,,,,,,,,,,,
,,,,,,,,,,PDP1,,,,,,,,,,,,,,,,
,,,,,,,,,,NDUFA13,,,,,,,,,,,,,,,,
,,,,,,,,,,CASP9,,,,,,,,,,,,,,,,
,,,,,,,,,,MTERF4,,,,,,,,,,,,,,,,
,,,,,,,,,,SERAC1,,,,,,,,,,,,,,,,
,,,,,,,,,,PTAR1,,,,,,,,,,,,,,,,
,,,,,,,,,,EFHD1,,,,,,,,,,,,,,,,
,,,,,,,,,,APOO,,,,,,,,,,,,,,,,
,,,,,,,,,,LAP3,,,,,,,,,,,,,,,,
,,,,,,,,,,NDUFAF4,,,,,,,,,,,,,,,,
,,,,,,,,,,ADCK2,,,,,,,,,,,,,,,,
,,,,,,,,,,DLD,,,,,,,,,,,,,,,,
,,,,,,,,,,MRPL15,,,,,,,,,,,,,,,,
,,,,,,,,,,CWC15,,,,,,,,,,,,,,,,
,,,,,,,,,,COX15,,,,,,,,,,,,,,,,
,,,,,,,,,,MARK2,,,,,,,,,,,,,,,,
,,,,,,,,,,SPATA19,,,,,,,,,,,,,,,,
,,,,,,,,,,IMMT,,,,,,,,,,,,,,,,
,,,,,,,,,,SELENOO,,,,,,,,,,,,,,,,
,,,,,,,,,,PDE12,,,,,,,,,,,,,,,,
,,,,,,,,,,MAPK1,,,,,,,,,,,,,,,,
,,,,,,,,,,AGXT2,,,,,,,,,,,,,,,,
,,,,,,,,,,DHX32,,,,,,,,,,,,,,,,
,,,,,,,,,,DNLZ,,,,,,,,,,,,,,,,
,,,,,,,,,,PC,,,,,,,,,,,,,,,,
,,,,,,,,,,CASP14,,,,,,,,,,,,,,,,
,,,,,,,,,,HIBADH,,,,,,,,,,,,,,,,
,,,,,,,,,,UQCRC1,,,,,,,,,,,,,,,,
,,,,,,,,,,LRRK2,,,,,,,,,,,,,,,,
,,,,,,,,,,HSPA9,,,,,,,,,,,,,,,,
,,,,,,,,,,SLC30A9,,,,,,,,,,,,,,,,
,,,,,,,,,,ARL2,,,,,,,,,,,,,,,,
,,,,,,,,,,HSDL2,,,,,,,,,,,,,,,,
,,,,,,,,,,NDUFS1,,,,,,,,,,,,,,,,
,,,,,,,,,,ACADL,,,,,,,,,,,,,,,,
,,,,,,,,,,TRMT11,,,,,,,,,,,,,,,,
,,,,,,,,,,TUG1,,,,,,,,,,,,,,,,
,,,,,,,,,,TGM2,,,,,,,,,,,,,,,,
,,,,,,,,,,BCKDHB,,,,,,,,,,,,,,,,
,,,,,,,,,,PMPCA,,,,,,,,,,,,,,,,
,,,,,,,,,,SDHB,,,,,,,,,,,,,,,,
,,,,,,,,,,ANXA6,,,,,,,,,,,,,,,,
,,,,,,,,,,PIWIL4,,,,,,,,,,,,,,,,
,,,,,,,,,,UBE3B,,,,,,,,,,,,,,,,
,,,,,,,,,,PARP1,,,,,,,,,,,,,,,,
,,,,,,,,,,MAVS,,,,,,,,,,,,,,,,
,,,,,,,,,,RNF144B,,,,,,,,,,,,,,,,
,,,,,,,,,,DGLUCY,,,,,,,,,,,,,,,,
,,,,,,,,,,ATG9A,,,,,,,,,,,,,,,,
,,,,,,,,,,NUDT19,,,,,,,,,,,,,,,,
,,,,,,,,,,KANSL1,,,,,,,,,,,,,,,,
,,,,,,,,,,KYAT3,,,,,,,,,,,,,,,,
,,,,,,,,,,SPATA18,,,,,,,,,,,,,,,,
,,,,,,,,,,NAXD,,,,,,,,,,,,,,,,
,,,,,,,,,,AKT1,,,,,,,,,,,,,,,,
,,,,,,,,,,TFAM,,,,,,,,,,,,,,,,
,,,,,,,,,,DNMT1,,,,,,,,,,,,,,,,
,,,,,,,,,,RALA,,,,,,,,,,,,,,,,
,,,,,,,,,,PPP2R2B,,,,,,,,,,,,,,,,
,,,,,,,,,,OXA1L,,,,,,,,,,,,,,,,
,,,,,,,,,,ELK3,,,,,,,,,,,,,,,,
,,,,,,,,,,PGRMC1,,,,,,,,,,,,,,,,
,,,,,,,,,,AQP8,,,,,,,,,,,,,,,,
,,,,,,,,,,CEBPZOS,,,,,,,,,,,,,,,,
,,,,,,,,,,NDUFAF7,,,,,,,,,,,,,,,,
,,,,,,,,,,SFXN5,,,,,,,,,,,,,,,,
,,,,,,,,,,ARMCX6,,,,,,,,,,,,,,,,
,,,,,,,,,,AKAP1,,,,,,,,,,,,,,,,
,,,,,,,,,,DNAJA1,,,,,,,,,,,,,,,,
,,,,,,,,,,DBT,,,,,,,,,,,,,,,,
,,,,,,,,,,PDHB,,,,,,,,,,,,,,,,
,,,,,,,,,,YAP1,,,,,,,,,,,,,,,,
,,,,,,,,,,MIGA2,,,,,,,,,,,,,,,,
,,,,,,,,,,MMAB,,,,,,,,,,,,,,,,
,,,,,,,,,,TIMM10,,,,,,,,,,,,,,,,
,,,,,,,,,,MAPK9,,,,,,,,,,,,,,,,
,,,,,,,,,,FASTK,,,,,,,,,,,,,,,,
,,,,,,,,,,ACADSB,,,,,,,,,,,,,,,,
,,,,,,,,,,ENDOG,,,,,,,,,,,,,,,,
,,,,,,,,,,FAHD2B,,,,,,,,,,,,,,,,
,,,,,,,,,,GLYAT,,,,,,,,,,,,,,,,
,,,,,,,,,,ATP7B,,,,,,,,,,,,,,,,
,,,,,,,,,,GTPBP10,,,,,,,,,,,,,,,,
,,,,,,,,,,BSG,,,,,,,,,,,,,,,,
,,,,,,,,,,C8orf82,,,,,,,,,,,,,,,,
,,,,,,,,,,AKR1B1,,,,,,,,,,,,,,,,
,,,,,,,,,,GLUL,,,,,,,,,,,,,,,,
,,,,,,,,,,C3orf33,,,,,,,,,,,,,,,,
,,,,,,,,,,VDAC2,,,,,,,,,,,,,,,,
,,,,,,,,,,MRPL58,,,,,,,,,,,,,,,,
,,,,,,,,,,TATDN1,,,,,,,,,,,,,,,,
,,,,,,,,,,SDE2,,,,,,,,,,,,,,,,
,,,,,,,,,,A0AAG2SXN7,,,,,,,,,,,,,,,,
,,,,,,,,,,ACADM,,,,,,,,,,,,,,,,
,,,,,,,,,,AGPS,,,,,,,,,,,,,,,,
,,,,,,,,,,JTB,,,,,,,,,,,,,,,,
,,,,,,,,,,SGK1,,,,,,,,,,,,,,,,
,,,,,,,,,,HIGD1C,,,,,,,,,,,,,,,,
,,,,,,,,,,CLPX,,,,,,,,,,,,,,,,
,,,,,,,,,,CNR1,,,,,,,,,,,,,,,,
,,,,,,,,,,ABCD3,,,,,,,,,,,,,,,,
,,,,,,,,,,GLYATL3,,,,,,,,,,,,,,,,
,,,,,,,,,,ENOSF1,,,,,,,,,,,,,,,,
,,,,,,,,,,HIGD2A,,,,,,,,,,,,,,,,
,,,,,,,,,,TARS2,,,,,,,,,,,,,,,,
,,,,,,,,,,HSP90AB1,,,,,,,,,,,,,,,,
,,,,,,,,,,ATP5MGL,,,,,,,,,,,,,,,,
,,,,,,,,,,NDUFA6,,,,,,,,,,,,,,,,
,,,,,,,,,,ARL4C,,,,,,,,,,,,,,,,
,,,,,,,,,,DCXR,,,,,,,,,,,,,,,,
,,,,,,,,,,HADHB,,,,,,,,,,,,,,,,
,,,,,,,,,,CFAP91,,,,,,,,,,,,,,,,
,,,,,,,,,,FGR,,,,,,,,,,,,,,,,
,,,,,,,,,,ADH5,,,,,,,,,,,,,,,,
,,,,,,,,,,BNIP3L,,,,,,,,,,,,,,,,
,,,,,,,,,,COX8C,,,,,,,,,,,,,,,,
,,,,,,,,,,PABPC5,,,,,,,,,,,,,,,,
,,,,,,,,,,HMGCL,,,,,,,,,,,,,,,,
,,,,,,,,,,KLC3,,,,,,,,,,,,,,,,
,,,,,,,,,,FAHD1,,,,,,,,,,,,,,,,
,,,,,,,,,,BLTP1,,,,,,,,,,,,,,,,
,,,,,,,,,,MRPL33,,,,,,,,,,,,,,,,
,,,,,,,,,,CIBAR1,,,,,,,,,,,,,,,,
,,,,,,,,,,EIF2S1,,,,,,,,,,,,,,,,
,,,,,,,,,,ALPL,,,,,,,,,,,,,,,,
,,,,,,,,,,CYP2E1,,,,,,,,,,,,,,,,
,,,,,,,,,,CYP1A2,,,,,,,,,,,,,,,,
,,,,,,,,,,PCCB,,,,,,,,,,,,,,,,
,,,,,,,,,,PCCA,,,,,,,,,,,,,,,,
,,,,,,,,,,LIAS,,,,,,,,,,,,,,,,
,,,,,,,,,,SLC25A5,,,,,,,,,,,,,,,,
,,,,,,,,,,GK2,,,,,,,,,,,,,,,,
,,,,,,,,,,ATPSCKMT,,,,,,,,,,,,,,,,
,,,,,,,,,,GK3,,,,,,,,,,,,,,,,
,,,,,,,,,,FDX2,,,,,,,,,,,,,,,,
,,,,,,,,,,CYP11A1,,,,,,,,,,,,,,,,
,,,,,,,,,,SFXN4,,,,,,,,,,,,,,,,
,,,,,,,,,,ATF2,,,,,,,,,,,,,,,,
,,,,,,,,,,MRPS5,,,,,,,,,,,,,,,,
,,,,,,,,,,MRPS35,,,,,,,,,,,,,,,,
,,,,,,,,,,C1orf53,,,,,,,,,,,,,,,,
,,,,,,,,,,LIPT2,,,,,,,,,,,,,,,,
,,,,,,,,,,HCLS1,,,,,,,,,,,,,,,,
,,,,,,,,,,COQ4,,,,,,,,,,,,,,,,
,,,,,,,,,,PIGBOS1,,,,,,,,,,,,,,,,
,,,,,,,,,,ACOD1,,,,,,,,,,,,,,,,
,,,,,,,,,,GATD3B,,,,,,,,,,,,,,,,
,,,,,,,,,,GK,,,,,,,,,,,,,,,,
,,,,,,,,,,ATP5F1EP2,,,,,,,,,,,,,,,,
,,,,,,,,,,MSRB2,,,,,,,,,,,,,,,,
,,,,,,,,,,SETD9,,,,,,,,,,,,,,,,
,,,,,,,,,,ATP5MC1,,,,,,,,,,,,,,,,
,,,,,,,,,,SSBP1,,,,,,,,,,,,,,,,
,,,,,,,,,,ANGEL2,,,,,,,,,,,,,,,,
,,,,,,,,,,MPC2,,,,,,,,,,,,,,,,
,,,,,,,,,,METTL15,,,,,,,,,,,,,,,,
,,,,,,,,,,C0HM83,,,,,,,,,,,,,,,,
,,,,,,,,,,MLDHR,,,,,,,,,,,,,,,,
,,,,,,,,,,TIMM44,,,,,,,,,,,,,,,,
,,,,,,,,,,AKAP10,,,,,,,,,,,,,,,,
,,,,,,,,,,XRCC3,,,,,,,,,,,,,,,,
,,,,,,,,,,MRPL12,,,,,,,,,,,,,,,,
,,,,,,,,,,KCNQ3,,,,,,,,,,,,,,,,
,,,,,,,,,,FOXO3,,,,,,,,,,,,,,,,
,,,,,,,,,,BCL2L11,,,,,,,,,,,,,,,,
,,,,,,,,,,RAD51C,,,,,,,,,,,,,,,,
,,,,,,,,,,BECN1,,,,,,,,,,,,,,,,
,,,,,,,,,,MTLN,,,,,,,,,,,,,,,,
,,,,,,,,,,SLC11A2,,,,,,,,,,,,,,,,
,,,,,,,,,,MMUT,,,,,,,,,,,,,,,,
,,,,,,,,,,RPIA,,,,,,,,,,,,,,,,
,,,,,,,,,,HTRA2,,,,,,,,,,,,,,,,
,,,,,,,,,,LYRM1,,,,,,,,,,,,,,,,
,,,,,,,,,,CYCS,,,,,,,,,,,,,,,,
,,,,,,,,,,HMGN5,,,,,,,,,,,,,,,,
,,,,,,,,,,ALDH9A1,,,,,,,,,,,,,,,,
,,,,,,,,,,MRPS9,,,,,,,,,,,,,,,,
,,,,,,,,,,MRPS6,,,,,,,,,,,,,,,,
,,,,,,,,,,MRPS34,,,,,,,,,,,,,,,,
,,,,,,,,,,MRPS21,,,,,,,,,,,,,,,,
,,,,,,,,,,MRPS15,,,,,,,,,,,,,,,,
,,,,,,,,,,MRPS11,,,,,,,,,,,,,,,,
,,,,,,,,,,DIP2A,,,,,,,,,,,,,,,,
,,,,,,,,,,KGD4,,,,,,,,,,,,,,,,
,,,,,,,,,,UCP1,,,,,,,,,,,,,,,,
,,,,,,,,,,BLTP2,,,,,,,,,,,,,,,,
,,,,,,,,,,IRF3,,,,,,,,,,,,,,,,
,,,,,,,,,,HK2,,,,,,,,,,,,,,,,
,,,,,,,,,,DNAJC15,,,,,,,,,,,,,,,,
,,,,,,,,,,DUSP18,,,,,,,,,,,,,,,,
,,,,,,,,,,APP,,,,,,,,,,,,,,,,
,,,,,,,,,,NDUFS4,,,,,,,,,,,,,,,,
,,,,,,,,,,CYB5B,,,,,,,,,,,,,,,,
,,,,,,,,,,PLIN5,,,,,,,,,,,,,,,,
,,,,,,,,,,ATG13,,,,,,,,,,,,,,,,
,,,,,,,,,,DAOA,,,,,,,,,,,,,,,,
,,,,,,,,,,RAB40AL,,,,,,,,,,,,,,,,
,,,,,,,,,,COX6A2,,,,,,,,,,,,,,,,
,,,,,,,,,,ARID4B,,,,,,,,,,,,,,,,
,,,,,,,,,,CRYM,,,,,,,,,,,,,,,,
,,,,,,,,,,LACTB2,,,,,,,,,,,,,,,,
,,,,,,,,,,NIT1,,,,,,,,,,,,,,,,
,,,,,,,,,,COX7C,,,,,,,,,,,,,,,,
,,,,,,,,,,ECI1,,,,,,,,,,,,,,,,
,,,,,,,,,,C19orf12,,,,,,,,,,,,,,,,
,,,,,,,,,,MT-RNR1,,,,,,,,,,,,,,,,
,,,,,,,,,,STARD3,,,,,,,,,,,,,,,,
,,,,,,,,,,NLRP5,,,,,,,,,,,,,,,,
,,,,,,,,,,RAP1GDS1,,,,,,,,,,,,,,,,
,,,,,,,,,,MTOR,,,,,,,,,,,,,,,,
,,,,,,,,,,CASP8,,,,,,,,,,,,,,,,
,,,,,,,,,,SDHAF1,,,,,,,,,,,,,,,,
,,,,,,,,,,VASN,,,,,,,,,,,,,,,,
,,,,,,,,,,CYP11B1,,,,,,,,,,,,,,,,
,,,,,,,,,,TMEM71,,,,,,,,,,,,,,,,
,,,,,,,,,,C22orf39,,,,,,,,,,,,,,,,
,,,,,,,,,,HTN3,,,,,,,,,,,,,,,,
,,,,,,,,,,HTN1,,,,,,,,,,,,,,,,
,,,,,,,,,,NBR1,,,,,,,,,,,,,,,,
,,,,,,,,,,TMEM8B,,,,,,,,,,,,,,,,
,,,,,,,,,,PYCR1,,,,,,,,,,,,,,,,
,,,,,,,,,,NDUFB5,,,,,,,,,,,,,,,,
,,,,,,,,,,NDUFC1,,,,,,,,,,,,,,,,
,,,,,,,,,,ATP5F1A,,,,,,,,,,,,,,,,
,,,,,,,,,,TMX2,,,,,,,,,,,,,,,,
,,,,,,,,,,HK3,,,,,,,,,,,,,,,,
,,,,,,,,,,AKR7A2,,,,,,,,,,,,,,,,
,,,,,,,,,,RIDA,,,,,,,,,,,,,,,,
,,,,,,,,,,CCR7,,,,,,,,,,,,,,,,
,,,,,,,,,,FIBP,,,,,,,,,,,,,,,,
,,,,,,,,,,SDHAF4,,,,,,,,,,,,,,,,
,,,,,,,,,,YWHAH,,,,,,,,,,,,,,,,
,,,,,,,,,,GIT1,,,,,,,,,,,,,,,,
,,,,,,,,,,ARL2BP,,,,,,,,,,,,,,,,
,,,,,,,,,,MTO1,,,,,,,,,,,,,,,,
,,,,,,,,,,GPAA1,,,,,,,,,,,,,,,,
,,,,,,,,,,MTARC1,,,,,,,,,,,,,,,,
,,,,,,,,,,PRODH,,,,,,,,,,,,,,,,
,,,,,,,,,,COQ5,,,,,,,,,,,,,,,,
,,,,,,,,,,SEPTIN4,,,,,,,,,,,,,,,,
,,,,,,,,,,MTX3,,,,,,,,,,,,,,,,
,,,,,,,,,,PPP6C,,,,,,,,,,,,,,,,
,,,,,,,,,,IFIT3,,,,,,,,,,,,,,,,
,,,,,,,,,,HIVEP1,,,,,,,,,,,,,,,,
,,,,,,,,,,ACAA2,,,,,,,,,,,,,,,,
,,,,,,,,,,COX19,,,,,,,,,,,,,,,,
,,,,,,,,,,GLUD2,,,,,,,,,,,,,,,,
,,,,,,,,,,LRPPRC,,,,,,,,,,,,,,,,
,,,,,,,,,,ALDH7A1,,,,,,,,,,,,,,,,
,,,,,,,,,,TUFM,,,,,,,,,,,,,,,,
,,,,,,,,,,MRPL19,,,,,,,,,,,,,,,,
,,,,,,,,,,LYPLAL1,,,,,,,,,,,,,,,,
,,,,,,,,,,NDUFA2,,,,,,,,,,,,,,,,
,,,,,,,,,,NDUFB3,,,,,,,,,,,,,,,,
,,,,,,,,,,CYB5R2,,,,,,,,,,,,,,,,
,,,,,,,,,,DYNLL1,,,,,,,,,,,,,,,,
,,,,,,,,,,PPP3CC,,,,,,,,,,,,,,,,
,,,,,,,,,,AGK,,,,,,,,,,,,,,,,
,,,,,,,,,,HSDL1,,,,,,,,,,,,,,,,
,,,,,,,,,,P2RX7,,,,,,,,,,,,,,,,
,,,,,,,,,,SLC25A52,,,,,,,,,,,,,,,,
,,,,,,,,,,THNSL1,,,,,,,,,,,,,,,,
,,,,,,,,,,NDUFA8,,,,,,,,,,,,,,,,
,,,,,,,,,,ARMCX2,,,,,,,,,,,,,,,,
,,,,,,,,,,CHPF,,,,,,,,,,,,,,,,
,,,,,,,,,,CASQ1,,,,,,,,,,,,,,,,
,,,,,,,,,,ETFB,,,,,,,,,,,,,,,,
,,,,,,,,,,DHX30,,,,,,,,,,,,,,,,
,,,,,,,,,,ACSM3,,,,,,,,,,,,,,,,
,,,,,,,,,,TOMM20,,,,,,,,,,,,,,,,
,,,,,,,,,,GLYATL2,,,,,,,,,,,,,,,,
,,,,,,,,,,PTRH1,,,,,,,,,,,,,,,,
,,,,,,,,,,NUDT6,,,,,,,,,,,,,,,,
,,,,,,,,,,NDUFA11,,,,,,,,,,,,,,,,
,,,,,,,,,,ATP5F1B,,,,,,,,,,,,,,,,
,,,,,,,,,,PLAAT1,,,,,,,,,,,,,,,,
,,,,,,,,,,UQCRB,,,,,,,,,,,,,,,,
,,,,,,,,,,SYNE2,,,,,,,,,,,,,,,,
,,,,,,,,,,DHFR2,,,,,,,,,,,,,,,,
,,,,,,,,,,HOGA1,,,,,,,,,,,,,,,,
,,,,,,,,,,MICU3,,,,,,,,,,,,,,,,
,,,,,,,,,,PNPLA4,,,,,,,,,,,,,,,,
,,,,,,,,,,RGS2,,,,,,,,,,,,,,,,
,,,,,,,,,,BRI3BP,,,,,,,,,,,,,,,,
,,,,,,,,,,BCL2L10,,,,,,,,,,,,,,,,
,,,,,,,,,,NDUFAF3,,,,,,,,,,,,,,,,
,,,,,,,,,,LYRM4,,,,,,,,,,,,,,,,
,,,,,,,,,,MRPL47,,,,,,,,,,,,,,,,
,,,,,,,,,,TP53,,,,,,,,,,,,,,,,
,,,,,,,,,,MRS2,,,,,,,,,,,,,,,,
,,,,,,,,,,COA5,,,,,,,,,,,,,,,,
,,,,,,,,,,GPN1,,,,,,,,,,,,,,,,
,,,,,,,,,,TP53AIP1,,,,,,,,,,,,,,,,
,,,,,,,,,,TRMT10C,,,,,,,,,,,,,,,,
,,,,,,,,,,TOMM20L,,,,,,,,,,,,,,,,
,,,,,,,,,,C15orf40,,,,,,,,,,,,,,,,
,,,,,,,,,,ATP5MC3,,,,,,,,,,,,,,,,
,,,,,,,,,,PRNP,,,,,,,,,,,,,,,,
,,,,,,,,,,SLC25A43,,,,,,,,,,,,,,,,
,,,,,,,,,,DMAC2L,,,,,,,,,,,,,,,,
,,,,,,,,,,TMEM223,,,,,,,,,,,,,,,,
,,,,,,,,,,YWHAG,,,,,,,,,,,,,,,,
,,,,,,,,,,PET117,,,,,,,,,,,,,,,,
,,,,,,,,,,ME1,,,,,,,,,,,,,,,,
,,,,,,,,,,COX6B2,,,,,,,,,,,,,,,,
,,,,,,,,,,OLFM4,,,,,,,,,,,,,,,,
,,,,,,,,,,CAVIN1,,,,,,,,,,,,,,,,
,,,,,,,,,,TYMS,,,,,,,,,,,,,,,,
,,,,,,,,,,SUOX,,,,,,,,,,,,,,,,
,,,,,,,,,,NAIF1,,,,,,,,,,,,,,,,
,,,,,,,,,,COMTD1,,,,,,,,,,,,,,,,
,,,,,,,,,,PLGRKT,,,,,,,,,,,,,,,,
,,,,,,,,,,PARG,,,,,,,,,,,,,,,,
,,,,,,,,,,TXNRD3,,,,,,,,,,,,,,,,
,,,,,,,,,,LCA5,,,,,,,,,,,,,,,,
,,,,,,,,,,ARG2,,,,,,,,,,,,,,,,
,,,,,,,,,,PDF,,,,,,,,,,,,,,,,
,,,,,,,,,,BLOC1S1,,,,,,,,,,,,,,,,
,,,,,,,,,,PACS2,,,,,,,,,,,,,,,,
,,,,,,,,,,TAX1BP1,,,,,,,,,,,,,,,,
,,,,,,,,,,ZFYVE1,,,,,,,,,,,,,,,,
,,,,,,,,,,HIBCH,,,,,,,,,,,,,,,,
,,,,,,,,,,SESN2,,,,,,,,,,,,,,,,
,,,,,,,,,,SLC25A42,,,,,,,,,,,,,,,,
,,,,,,,,,,PMAIP1,,,,,,,,,,,,,,,,
,,,,,,,,,,TTC19,,,,,,,,,,,,,,,,
,,,,,,,,,,RPL7L1,,,,,,,,,,,,,,,,
,,,,,,,,,,GRPEL1,,,,,,,,,,,,,,,,
,,,,,,,,,,ACSL1,,,,,,,,,,,,,,,,
,,,,,,,,,,NT5DC3,,,,,,,,,,,,,,,,
,,,,,,,,,,FAM83A,,,,,,,,,,,,,,,,
,,,,,,,,,,MLXIP,,,,,,,,,,,,,,,,
,,,,,,,,,,MYG1,,,,,,,,,,,,,,,,
,,,,,,,,,,USP48,,,,,,,,,,,,,,,,
,,,,,,,,,,STING1,,,,,,,,,,,,,,,,
,,,,,,,,,,TRIM39,,,,,,,,,,,,,,,,
,,,,,,,,,,NUDT13,,,,,,,,,,,,,,,,
,,,,,,,,,,LDHD,,,,,,,,,,,,,,,,
,,,,,,,,,,GPAM,,,,,,,,,,,,,,,,
,,,,,,,,,,DDIT4,,,,,,,,,,,,,,,,
,,,,,,,,,,C14orf119,,,,,,,,,,,,,,,,
,,,,,,,,,,COX6B1,,,,,,,,,,,,,,,,
,,,,,,,,,,SMURF1,,,,,,,,,,,,,,,,
,,,,,,,,,,STK11,,,,,,,,,,,,,,,,
,,,,,,,,,,MCCC2,,,,,,,,,,,,,,,,
,,,,,,,,,,SLC25A53,,,,,,,,,,,,,,,,
,,,,,,,,,,CAPN10,,,,,,,,,,,,,,,,
,,,,,,,,,,MOBP,,,,,,,,,,,,,,,,
,,,,,,,,,,BPHL,,,,,,,,,,,,,,,,
,,,,,,,,,,HSPE1,,,,,,,,,,,,,,,,
,,,,,,,,,,AUH,,,,,,,,,,,,,,,,
,,,,,,,,,,GLOD4,,,,,,,,,,,,,,,,
,,,,,,,,,,MRM3,,,,,,,,,,,,,,,,
,,,,,,,,,,NOD2,,,,,,,,,,,,,,,,
,,,,,,,,,,SLC25A19,,,,,,,,,,,,,,,,